customer_id,observation_date,sample_type,country,channel,gender,age,employment_type,income_monthly,debt_to_income,utilization,delinquencies_12m,has_mortgage,tenure_months,bureau_score,employer_size,marketing_source,customer_note,application_score,model_pd,default_12m
C000001,2024-01-01,TRAIN,PL,PARTNER,M,51,SELF_EMPLOYED,10114,0.3534,0.3577,0,false,87,619,1-9,ORGANIC,standard application,797,0.0387,0
C000002,2024-01-01,TRAIN,PL,APP,M,41,EMPLOYED,7988,0.0213,0.4600,0,true,55,805,50-249,CRM,manual review requested,799,0.0103,1
C000003,2024-01-02,TRAIN,PL,PARTNER,F,51,EMPLOYED,6097,0.4887,0.2249,0,true,59,591,10-49,PAID_SEARCH,standard application,801,0.0561,0
C000004,2024-01-03,TRAIN,NL,STORE,M,49,EMPLOYED,5458,0.0514,0.2596,0,false,82,607,1-9,AFFILIATE,standard application,799,0.0240,0
C000005,2024-01-04,TRAIN,PL,WEB,F,43,EMPLOYED,8927,0.0406,0.3020,0,false,50,784,1-9,PAID_SEARCH,standard application,794,0.0080,0
C000006,2024-01-04,TRAIN,PL,PARTNER,M,46,EMPLOYED,7555,0.2605,0.0000,0,true,27,734,250+,,standard application,805,0.0093,0
C000007,2024-01-05,TRAIN,PL,WEB,F,46,EMPLOYED,8575,0.2383,0.3890,0,true,24,686,10-49,ORGANIC,standard application,789,0.0255,0
C000008,2024-01-06,TRAIN,PL,WEB,M,35,EMPLOYED,6574,0.2866,0.0788,0,false,49,629,10-49,PAID_SEARCH,standard application,807,0.0260,0
C000009,2024-01-07,TRAIN,DE,WEB,M,49,EMPLOYED,6353,0.2760,0.2536,1,false,101,571,250+,ORGANIC,standard application,782,0.0864,0
C000010,2024-01-07,TRAIN,PL,APP,F,57,STUDENT,1560,0.1610,0.3669,0,true,36,700,,,,800,0.0313,0
C000011,2024-01-08,TRAIN,SE,WEB,F,73,EMPLOYED,8481,0.3092,0.2448,1,true,60,596,250+,ORGANIC,standard application,780,0.0540,0
C000012,2024-01-09,TRAIN,PL,WEB,M,23,UNEMPLOYED,2663,0.2969,0.1264,0,false,21,763,,DIRECT,standard application,787,0.0433,0
C000013,2024-01-10,TRAIN,DE,WEB,M,46,EMPLOYED,7310,0.1166,0.3750,1,true,95,600,250+,,standard application,808,0.0677,0
C000014,2024-01-10,TRAIN,DE,WEB,M,47,EMPLOYED,8472,0.1336,0.1854,0,false,64,706,10-49,DIRECT,,794,0.0118,0
C000015,2024-01-11,TRAIN,PL,STORE,F,27,UNEMPLOYED,5678,0.2402,0.1631,0,false,84,596,,AFFILIATE,standard application,772,0.0873,0
C000016,2024-01-12,TRAIN,PL,PARTNER,F,52,EMPLOYED,8018,0.2136,0.6437,0,false,78,640,250+,ORGANIC,standard application,791,0.0515,0
C000017,2024-01-13,TRAIN,PL,PARTNER,M,31,SELF_EMPLOYED,10809,0.1167,0.7009,0,false,71,725,1-9,CRM,,793,0.0322,0
C000018,2024-01-13,TRAIN,DE,WEB,F,25,EMPLOYED,4263,0.1768,0.6778,0,false,5,588,50-249,ORGANIC,,778,0.1116,0
C000019,2024-01-14,TRAIN,DE,APP,F,41,SELF_EMPLOYED,10243,0.2533,0.6001,1,true,14,580,1-9,PAID_SEARCH,returning customer,761,0.1379,1
C000020,2024-01-15,TRAIN,DE,APP,M,56,EMPLOYED,6860,0.1873,0.5874,0,true,63,758,10-49,DIRECT,standard application,853,0.0223,1
C000021,2024-01-16,TRAIN,NL,WEB,F,50,EMPLOYED,7584,0.2792,0.9073,0,false,59,,1-9,ORGANIC,standard application,770,0.1034,0
C000022,2024-01-16,TRAIN,DE,APP,F,53,EMPLOYED,6982,0.2948,0.8689,0,true,0,630,250+,ORGANIC,standard application,757,0.1041,0
C000023,2024-01-17,TRAIN,PL,WEB,X,51,EMPLOYED,10496,0.1299,0.2650,0,true,65,670,50-249,,returning customer,832,0.0147,1
C000024,2024-01-18,TRAIN,NL,APP,F,43,EMPLOYED,9223,0.1533,0.2047,0,true,0,697,,AFFILIATE,,802,0.0136,0
C000025,2024-01-19,TRAIN,SE,APP,M,24,STUDENT,3486,0.2624,0.2407,0,true,0,,,PAID_SEARCH,,787,0.0551,0
C000026,2024-01-19,TRAIN,PL,PARTNER,M,32,SELF_EMPLOYED,9961,0.1514,0.1966,0,false,2,717,10-49,ORGANIC,,816,0.0130,0
C000027,2024-01-20,TRAIN,DE,APP,F,44,EMPLOYED,7347,0.1357,0.6546,0,false,99,670,50-249,ORGANIC,standard application,808,0.0431,0
C000028,2024-01-21,TRAIN,PL,PARTNER,F,25,SELF_EMPLOYED,9617,0.2091,0.5009,0,true,40,713,1-9,DIRECT,standard application,802,0.0313,0
C000029,2024-01-22,TRAIN,SE,WEB,M,48,EMPLOYED,9240,0.2488,0.5970,0,false,46,676,250+,AFFILIATE,standard application,793,0.0401,0
C000030,2024-01-22,TRAIN,SE,APP,M,51,SELF_EMPLOYED,12276,0.1340,0.2916,0,true,36,547,10-49,PAID_SEARCH,returning customer,864,0.0293,0
C000031,2024-01-23,TRAIN,PL,WEB,F,40,SELF_EMPLOYED,11626,0.3091,0.3674,0,false,64,643,1-9,ORGANIC,standard application,833,0.0330,0
C000032,2024-01-24,TRAIN,SE,APP,F,39,EMPLOYED,7035,0.0887,0.2746,0,false,32,607,50-249,ORGANIC,returning customer,808,0.0276,0
C000033,2024-01-25,TRAIN,DE,WEB,F,37,EMPLOYED,7414,0.1929,0.2359,1,false,4,591,50-249,CRM,standard application,790,0.0688,0
C000034,2024-01-25,TRAIN,NL,APP,M,56,EMPLOYED,6893,0.3708,0.4729,2,false,35,583,10-49,PAID_SEARCH,standard application,670,0.2398,0
C000035,2024-01-26,TRAIN,DE,WEB,X,29,EMPLOYED,10346,0.1898,0.6989,0,false,26,614,50-249,PAID_SEARCH,returning customer,756,0.0731,0
C000036,2024-01-27,TRAIN,PL,APP,F,31,EMPLOYED,4766,0.2332,0.1369,0,true,80,626,250+,AFFILIATE,standard application,792,0.0309,0
C000037,2024-01-28,TRAIN,PL,APP,F,24,EMPLOYED,7184,0.0372,0.1964,0,false,31,634,250+,DIRECT,,782,0.0213,0
C000038,2024-01-28,TRAIN,SE,APP,F,25,EMPLOYED,4394,0.0667,0.5449,0,true,0,805,50-249,ORGANIC,standard application,802,0.0198,0
C000039,2024-01-29,TRAIN,PL,APP,M,42,EMPLOYED,6578,0.1442,0.2266,0,true,63,691,50-249,AFFILIATE,returning customer,827,0.0169,0
C000040,2024-01-30,TRAIN,SE,WEB,M,49,EMPLOYED,8502,0.1270,0.4254,0,true,27,734,10-49,ORGANIC,standard application,810,0.0160,0
C000041,2024-01-31,TRAIN,DE,STORE,M,65,SELF_EMPLOYED,5739,0.3707,0.7101,0,false,52,466,1-9,ORGANIC,standard application,695,0.1937,0
C000042,2024-01-31,TRAIN,PL,PARTNER,M,50,EMPLOYED,4738,0.2911,0.2164,0,true,0,629,50-249,,standard application,812,0.0324,0
C000043,2024-02-01,TRAIN,SE,PARTNER,M,51,EMPLOYED,8271,0.2399,0.2007,0,false,80,763,50-249,ORGANIC,standard application,814,0.0105,0
C000044,2024-02-02,TRAIN,SE,APP,M,61,SELF_EMPLOYED,12827,0.2200,0.4316,1,false,73,,10-49,AFFILIATE,standard application,795,0.0471,0
C000045,2024-02-03,TRAIN,SE,APP,F,48,EMPLOYED,7774,0.3147,0.7357,0,true,76,631,50-249,AFFILIATE,standard application,781,0.0842,0
C000046,2024-02-03,TRAIN,PL,WEB,M,45,STUDENT,4179,0.3784,0.4948,0,true,65,671,,DIRECT,standard application,797,0.0740,1
C000047,2024-02-04,TRAIN,PL,APP,X,26,EMPLOYED,7678,0.1529,0.4250,0,false,5,602,250+,,standard application,784,0.0497,0
C000048,2024-02-05,TRAIN,PL,APP,M,21,EMPLOYED,7060,0.2563,0.6119,0,false,0,675,50-249,,standard application,779,0.0644,0
C000049,2024-02-06,TRAIN,PL,WEB,M,38,EMPLOYED,3954,0.1167,0.3524,1,true,79,657,,CRM,standard application,782,0.0611,0
C000050,2024-02-06,TRAIN,PL,APP,F,27,EMPLOYED,8314,0.1613,0.2770,1,false,47,634,250+,ORGANIC,,791,0.0589,0
C000051,2024-02-07,TRAIN,NL,PARTNER,M,35,RETIRED,,0.1734,0.5829,0,true,80,592,,DIRECT,standard application,774,0.0772,0
C000052,2024-02-08,TRAIN,SE,PARTNER,M,30,EMPLOYED,6275,0.0916,0.9236,0,false,1,739,50-249,PAID_SEARCH,manual review requested,787,0.0573,0
C000053,2024-02-09,TRAIN,SE,APP,F,38,EMPLOYED,7518,0.1794,0.4557,0,false,77,689,250+,ORGANIC,standard application,818,0.0297,0
C000054,2024-02-09,TRAIN,PL,STORE,M,49,SELF_EMPLOYED,11954,0.2456,0.4898,0,false,32,546,1-9,DIRECT,standard application,815,0.0577,0
C000055,2024-02-10,TRAIN,DE,WEB,F,66,EMPLOYED,9139,0.1872,0.1954,0,false,82,772,250+,ORGANIC,income verification pending,830,0.0070,0
C000056,2024-02-11,TRAIN,PL,APP,F,44,EMPLOYED,5590,0.4290,0.3582,0,false,72,707,50-249,PAID_SEARCH,standard application,791,0.0375,0
C000057,2024-02-12,TRAIN,PL,WEB,M,22,EMPLOYED,7072,0.0982,0.4783,0,false,57,748,50-249,CRM,,756,0.0231,0
C000058,2024-02-12,TRAIN,SE,PARTNER,F,25,EMPLOYED,9537,0.2507,0.2318,0,true,32,614,1-9,ORGANIC,returning customer,797,0.0348,0
C000059,2024-02-13,TRAIN,PL,APP,M,44,EMPLOYED,6797,0.3493,0.3465,0,true,5,636,50-249,DIRECT,standard application,785,0.0440,0
C000060,2024-02-14,TRAIN,PL,STORE,F,25,EMPLOYED,7356,0.4129,0.3801,0,true,14,589,10-49,PAID_SEARCH,returning customer,772,0.0836,1
C000061,2024-02-15,TRAIN,PL,WEB,M,33,EMPLOYED,6551,0.2931,0.0000,0,false,0,707,50-249,ORGANIC,standard application,807,0.0144,0
C000062,2024-02-15,TRAIN,DE,PARTNER,M,45,STUDENT,5516,0.3126,0.4320,0,false,102,761,,PAID_SEARCH,standard application,796,0.0319,0
C000063,2024-02-16,TRAIN,PL,PARTNER,M,42,EMPLOYED,6513,0.3114,0.3173,0,true,58,629,,ORGANIC,standard application,773,0.0415,0
C000064,2024-02-17,TRAIN,PL,PARTNER,F,58,EMPLOYED,7067,0.1750,0.5872,0,false,102,669,10-49,PAID_SEARCH,standard application,786,0.0353,0
C000065,2024-02-18,TRAIN,DE,WEB,M,36,EMPLOYED,11289,0.2093,0.0000,0,false,7,681,1-9,AFFILIATE,standard application,789,0.0106,0
C000066,2024-02-18,TRAIN,DE,APP,F,38,EMPLOYED,9431,0.0551,0.4951,0,true,56,735,50-249,ORGANIC,,821,0.0172,0
C000067,2024-02-19,TRAIN,SE,APP,F,68,EMPLOYED,6876,0.3996,0.1080,0,true,113,604,250+,ORGANIC,standard application,778,0.0269,0
C000068,2024-02-20,TRAIN,SE,WEB,F,67,EMPLOYED,4935,0.2651,0.3400,1,false,72,587,1-9,PAID_SEARCH,manual review requested,796,0.0809,0
C000069,2024-02-21,TRAIN,DE,APP,M,53,STUDENT,4382,0.1795,0.3720,0,false,64,731,,ORGANIC,,806,0.0247,0
C000070,2024-02-21,TRAIN,DE,APP,M,32,EMPLOYED,,0.3073,0.1197,0,false,18,663,1-9,ORGANIC,returning customer,794,0.0270,0
C000071,2024-02-22,TRAIN,PL,PARTNER,M,25,SELF_EMPLOYED,9038,0.1435,0.5636,0,true,46,764,1-9,ORGANIC,standard application,802,0.0239,0
C000072,2024-02-23,TRAIN,PL,WEB,F,38,EMPLOYED,6011,0.1695,0.2180,0,false,40,765,50-249,PAID_SEARCH,standard application,793,0.0122,0
C000073,2024-02-24,TRAIN,SE,PARTNER,F,51,EMPLOYED,8763,0.2313,0.4318,0,false,57,593,1-9,AFFILIATE,returning customer,786,0.0440,0
C000074,2024-02-24,TRAIN,PL,APP,M,38,EMPLOYED,6620,0.3234,0.2546,0,false,0,656,50-249,ORGANIC,income verification pending,800,0.0333,0
C000075,2024-02-25,TRAIN,NL,PARTNER,F,49,UNEMPLOYED,3023,0.2456,0.3438,1,true,61,551,,AFFILIATE,manual review requested,677,0.2544,0
C000076,2024-02-26,TRAIN,NL,APP,M,35,EMPLOYED,5852,0.0536,0.2033,0,true,53,617,250+,DIRECT,standard application,839,0.0233,0
C000077,2024-02-27,TRAIN,PL,WEB,F,57,EMPLOYED,5978,0.2212,0.3499,0,false,83,727,250+,CRM,standard application,792,0.0180,0
C000078,2024-02-27,TRAIN,DE,APP,M,61,EMPLOYED,6242,0.2388,0.4203,0,false,48,692,,ORGANIC,standard application,794,0.0250,0
C000079,2024-02-28,TRAIN,PL,PARTNER,M,39,EMPLOYED,9525,0.3873,0.3082,0,false,0,569,50-249,DIRECT,manual review requested,819,0.0590,0
C000080,2024-02-29,TRAIN,PL,APP,F,44,EMPLOYED,8978,0.1945,0.5085,0,false,31,,10-49,ORGANIC,manual review requested,783,0.0392,0
C000081,2024-03-01,TRAIN,DE,WEB,F,60,SELF_EMPLOYED,5948,0.2319,0.1819,0,false,126,744,1-9,ORGANIC,standard application,834,0.0113,0
C000082,2024-03-01,TRAIN,DE,APP,F,48,EMPLOYED,5279,0.3343,0.6518,0,false,40,622,10-49,,,777,0.0883,0
C000083,2024-03-02,TRAIN,PL,APP,F,44,UNEMPLOYED,800,0.4362,0.2160,1,false,80,634,,DIRECT,standard application,698,0.2200,0
C000084,2024-03-03,TRAIN,PL,APP,M,25,SELF_EMPLOYED,6436,0.1249,0.4495,1,false,32,631,1-9,ORGANIC,returning customer,786,0.0886,0
C000085,2024-03-04,TRAIN,PL,WEB,M,56,UNEMPLOYED,5111,0.2456,0.4799,0,false,84,650,,PAID_SEARCH,standard application,767,0.0915,1
C000086,2024-03-04,TRAIN,SE,WEB,M,31,EMPLOYED,10236,0.2555,0.0681,1,false,50,644,10-49,AFFILIATE,standard application,791,0.0378,1
C000087,2024-03-05,TRAIN,PL,WEB,F,31,EMPLOYED,8177,0.1465,0.5165,0,false,101,694,50-249,DIRECT,manual review requested,815,0.0321,0
C000088,2024-03-06,TRAIN,PL,APP,M,18,RETIRED,6249,0.1056,0.6613,0,false,21,639,,PAID_SEARCH,standard application,802,0.0698,0
C000089,2024-03-07,TRAIN,PL,WEB,M,57,EMPLOYED,9522,0.3040,0.5521,0,false,92,645,10-49,,standard application,809,0.0434,0
C000090,2024-03-07,TRAIN,PL,APP,F,38,EMPLOYED,8387,0.1420,0.2016,0,false,60,642,10-49,ORGANIC,standard application,787,0.0203,0
C000091,2024-03-08,TRAIN,PL,APP,F,45,STUDENT,6396,0.0578,0.4243,0,false,22,747,,ORGANIC,standard application,844,0.0193,0
C000092,2024-03-09,TRAIN,PL,PARTNER,M,50,SELF_EMPLOYED,7782,0.1709,0.2964,0,true,48,716,1-9,PAID_SEARCH,standard application,832,0.0152,0
C000093,2024-03-10,TRAIN,DE,APP,F,60,STUDENT,3873,0.3861,0.5135,0,false,67,654,,AFFILIATE,standard application,762,0.0736,0
C000094,2024-03-10,TRAIN,PL,APP,M,59,SELF_EMPLOYED,9961,0.1677,0.4457,1,true,50,601,10-49,ORGANIC,standard application,850,0.0647,0
C000095,2024-03-11,TRAIN,NL,PARTNER,M,51,STUDENT,3243,0.2750,0.0566,0,false,80,657,,AFFILIATE,standard application,806,0.0260,0
C000096,2024-03-12,TRAIN,PL,APP,M,71,EMPLOYED,10540,0.3232,0.1100,1,false,131,622,250+,PAID_SEARCH,,803,0.0333,0
C000097,2024-03-13,TRAIN,PL,STORE,M,52,SELF_EMPLOYED,5062,0.1268,0.1299,0,true,54,698,1-9,ORGANIC,,814,0.0123,0
C000098,2024-03-13,TRAIN,DE,APP,X,50,EMPLOYED,5937,0.1901,0.0000,0,false,64,642,10-49,DIRECT,standard application,816,0.0145,0
C000099,2024-03-14,TRAIN,PL,WEB,M,34,EMPLOYED,5806,0.2752,0.6392,0,true,0,592,10-49,PAID_SEARCH,standard application,754,0.1027,1
C000100,2024-03-15,TRAIN,PL,PARTNER,M,55,EMPLOYED,6992,0.0200,0.4309,0,true,73,648,50-249,ORGANIC,,780,0.0218,0
C000101,2024-03-16,TRAIN,DE,STORE,F,46,UNEMPLOYED,800,0.3283,0.3931,0,false,65,638,,AFFILIATE,standard application,711,0.1325,0
C000102,2024-03-16,TRAIN,DE,WEB,M,27,SELF_EMPLOYED,6796,0.2094,0.4344,0,false,59,732,1-9,DIRECT,standard application,843,0.0278,0
C000103,2024-03-17,TRAIN,NL,APP,M,40,EMPLOYED,8834,0.4250,0.4025,0,false,8,582,1-9,PAID_SEARCH,standard application,814,0.0731,0
C000104,2024-03-18,TRAIN,DE,STORE,M,35,STUDENT,2479,0.1951,0.2524,0,false,36,663,,PAID_SEARCH,,823,0.0402,0
C000105,2024-03-19,TRAIN,PL,PARTNER,M,36,EMPLOYED,5095,0.3103,0.4383,0,false,50,634,10-49,CRM,standard application,835,0.0594,0
C000106,2024-03-19,TRAIN,NL,APP,M,33,EMPLOYED,4865,0.2860,0.0000,0,false,43,689,1-9,ORGANIC,standard application,791,0.0173,0
C000107,2024-03-20,TRAIN,DE,STORE,M,33,EMPLOYED,8475,0.2971,0.2780,2,true,7,561,50-249,ORGANIC,standard application,698,0.1968,0
C000108,2024-03-21,TRAIN,SE,PARTNER,M,34,EMPLOYED,7108,0.1888,0.3319,0,true,57,777,10-49,PAID_SEARCH,standard application,817,0.0149,0
C000109,2024-03-22,TRAIN,PL,WEB,F,52,UNEMPLOYED,1002,0.2137,0.4693,0,false,116,664,,ORGANIC,returning customer,770,0.1002,0
C000110,2024-03-22,TRAIN,PL,APP,F,43,EMPLOYED,9965,0.0877,0.8238,0,true,58,646,250+,DIRECT,returning customer,810,0.0560,1
C000111,2024-03-23,TRAIN,NL,WEB,M,49,EMPLOYED,7035,0.2224,0.2508,0,false,44,748,1-9,ORGANIC,standard application,816,0.0134,0
C000112,2024-03-24,TRAIN,SE,WEB,M,55,RETIRED,5789,0.2440,0.4529,0,true,46,587,,ORGANIC,returning customer,811,0.0545,0
C000113,2024-03-25,TRAIN,NL,APP,M,38,EMPLOYED,5196,0.4484,0.4270,0,false,72,631,1-9,AFFILIATE,manual review requested,793,0.0753,0
C000114,2024-03-25,TRAIN,PL,PARTNER,F,39,EMPLOYED,7696,0.2066,0.2787,0,true,49,640,50-249,PAID_SEARCH,standard application,810,0.0282,0
C000115,2024-03-26,TRAIN,PL,APP,M,30,EMPLOYED,7454,0.1276,0.2925,1,false,56,631,10-49,CRM,standard application,807,0.0585,0
C000116,2024-03-27,TRAIN,PL,APP,F,28,EMPLOYED,8526,0.1902,0.0569,0,false,23,594,50-249,DIRECT,standard application,816,0.0244,0
C000117,2024-03-28,TRAIN,PL,APP,M,43,STUDENT,800,0.3340,0.1819,0,false,88,718,,ORGANIC,standard application,816,0.0334,0
C000118,2024-03-28,TRAIN,PL,APP,F,44,EMPLOYED,8055,0.4359,0.1602,0,false,49,635,10-49,AFFILIATE,standard application,802,0.0335,0
C000119,2024-03-29,TRAIN,PL,STORE,M,44,UNEMPLOYED,1852,0.2278,0.2592,1,false,48,606,,AFFILIATE,standard application,702,0.1824,0
C000120,2024-03-30,TRAIN,SE,APP,F,18,EMPLOYED,10242,0.2140,0.2797,0,false,34,636,250+,ORGANIC,standard application,838,0.0328,0
C000121,2024-03-31,TRAIN,PL,WEB,M,52,EMPLOYED,8797,0.2807,0.4262,0,false,71,723,50-249,PAID_SEARCH,standard application,819,0.0223,0
C000122,2024-03-31,TRAIN,SE,WEB,M,33,RETIRED,3961,0.3214,0.1214,0,false,105,646,,ORGANIC,standard application,811,0.0325,0
C000123,2024-04-01,TRAIN,PL,APP,M,43,EMPLOYED,6114,0.1491,0.6124,0,false,82,697,1-9,PAID_SEARCH,returning customer,828,0.0375,0
C000124,2024-04-02,TRAIN,DE,PARTNER,F,50,UNEMPLOYED,1050,0.1543,0.7642,0,true,47,689,,PAID_SEARCH,standard application,743,0.1401,0
C000125,2024-04-03,TRAIN,NL,APP,M,51,EMPLOYED,7763,0.2386,0.7372,0,false,26,730,250+,CRM,standard application,825,0.0402,0
C000126,2024-04-03,TRAIN,PL,WEB,M,33,EMPLOYED,4979,0.1684,0.2573,0,false,42,643,50-249,PAID_SEARCH,standard application,817,0.0304,0
C000127,2024-04-04,TRAIN,PL,PARTNER,F,39,SELF_EMPLOYED,14028,0.2063,0.5025,0,true,45,643,1-9,ORGANIC,standard application,832,0.0316,0
C000128,2024-04-05,TRAIN,PL,WEB,F,21,EMPLOYED,6463,0.1370,0.3088,0,false,16,,10-49,,returning customer,775,0.0344,0
C000129,2024-04-06,TRAIN,PL,APP,M,38,SELF_EMPLOYED,9814,0.3466,0.2114,1,false,50,638,1-9,AFFILIATE,standard application,812,0.0594,0
C000130,2024-04-06,TRAIN,PL,WEB,M,41,SELF_EMPLOYED,7771,0.0784,0.2526,0,false,43,642,1-9,CRM,returning customer,802,0.0198,0
C000131,2024-04-07,TRAIN,PL,WEB,M,18,SELF_EMPLOYED,10902,0.2603,0.1705,0,false,8,,10-49,PAID_SEARCH,returning customer,780,0.0271,0
C000132,2024-04-08,TRAIN,DE,WEB,M,38,EMPLOYED,8097,0.4389,0.1575,0,true,52,627,250+,ORGANIC,returning customer,812,0.0376,0
C000133,2024-04-09,TRAIN,DE,APP,M,47,UNEMPLOYED,2197,0.3330,0.3296,0,true,97,638,,PAID_SEARCH,standard application,782,0.1096,0
C000134,2024-04-09,TRAIN,PL,APP,M,23,EMPLOYED,9510,0.1628,0.0000,1,false,20,617,50-249,ORGANIC,standard application,786,0.0363,0
C000135,2024-04-10,TRAIN,SE,STORE,F,58,SELF_EMPLOYED,8236,0.0911,0.0964,1,false,126,625,1-9,PAID_SEARCH,standard application,818,0.0261,0
C000136,2024-04-11,TRAIN,PL,STORE,M,18,RETIRED,4349,0.3181,0.5308,0,true,1,575,,PAID_SEARCH,standard application,764,0.1261,0
C000137,2024-04-12,TRAIN,SE,APP,M,53,EMPLOYED,8891,0.2575,0.4303,1,true,30,561,10-49,CRM,standard application,750,0.1048,0
C000138,2024-04-12,TRAIN,PL,WEB,M,24,EMPLOYED,8331,0.1678,0.5194,0,false,76,693,10-49,,standard application,804,0.0364,0
C000139,2024-04-13,TRAIN,PL,APP,F,33,SELF_EMPLOYED,10863,0.2286,0.4444,0,false,13,670,1-9,ORGANIC,standard application,792,0.0317,0
C000140,2024-04-14,TRAIN,PL,STORE,M,29,EMPLOYED,7946,0.2856,0.6614,0,false,49,613,10-49,ORGANIC,standard application,729,0.0927,0
C000141,2024-04-15,TRAIN,PL,WEB,M,53,EMPLOYED,7789,0.2503,0.2028,0,true,97,653,10-49,PAID_SEARCH,returning customer,829,0.0206,0
C000142,2024-04-15,TRAIN,DE,WEB,F,58,EMPLOYED,7089,0.0698,0.3954,1,false,46,507,250+,CRM,manual review requested,766,0.0953,0
C000143,2024-04-16,TRAIN,PL,WEB,M,52,RETIRED,6841,0.1905,0.4236,0,false,109,640,,AFFILIATE,standard application,827,0.0333,0
C000144,2024-04-17,TRAIN,DE,APP,F,23,SELF_EMPLOYED,6228,0.1938,0.1569,0,false,55,633,1-9,AFFILIATE,returning customer,801,0.0290,0
C000145,2024-04-18,TRAIN,DE,WEB,F,51,SELF_EMPLOYED,6998,0.1537,0.2943,0,false,82,770,10-49,AFFILIATE,standard application,806,0.0110,0
C000146,2024-04-18,TRAIN,PL,PARTNER,M,40,EMPLOYED,4686,0.2900,0.3599,0,true,25,,50-249,PAID_SEARCH,,815,0.0459,0
C000147,2024-04-19,TRAIN,SE,WEB,F,34,EMPLOYED,5409,0.5397,0.4610,1,false,64,643,10-49,PAID_SEARCH,standard application,718,0.1738,0
C000148,2024-04-20,TRAIN,PL,APP,M,42,EMPLOYED,7993,0.0200,0.5915,0,false,27,651,250+,AFFILIATE,returning customer,822,0.0331,0
C000149,2024-04-21,TRAIN,PL,APP,M,62,EMPLOYED,6093,0.1890,0.4439,1,false,72,685,1-9,ORGANIC,standard application,810,0.0494,0
C000150,2024-04-21,TRAIN,DE,WEB,F,48,SELF_EMPLOYED,5972,0.3260,0.3221,0,false,91,609,1-9,PAID_SEARCH,standard application,811,0.0465,0
C000151,2024-04-22,TRAIN,PL,WEB,F,58,EMPLOYED,9779,0.0778,0.0498,0,true,104,654,10-49,ORGANIC,,827,0.0088,0
C000152,2024-04-23,TRAIN,DE,APP,F,29,UNEMPLOYED,3521,0.2959,0.2930,0,false,0,621,,ORGANIC,income verification pending,754,0.1185,0
C000153,2024-04-24,TRAIN,PL,WEB,F,37,STUDENT,2492,0.2847,0.2445,1,false,0,540,,,standard application,735,0.1725,0
C000154,2024-04-24,TRAIN,DE,WEB,F,44,EMPLOYED,5343,0.2842,0.3598,1,false,0,578,50-249,CRM,standard application,763,0.1151,0
C000155,2024-04-25,TRAIN,SE,APP,F,20,RETIRED,6713,0.1621,0.3572,0,false,0,683,,PAID_SEARCH,standard application,786,0.0311,0
C000156,2024-04-26,TRAIN,PL,APP,M,33,STUDENT,3538,0.1737,0.3165,1,false,0,594,,PAID_SEARCH,returning customer,746,0.1214,0
C000157,2024-04-27,TRAIN,PL,APP,M,55,EMPLOYED,5406,0.2940,0.6379,0,true,24,696,1-9,PAID_SEARCH,standard application,779,0.0481,0
C000158,2024-04-27,TRAIN,DE,PARTNER,F,36,EMPLOYED,5988,0.1354,0.1044,1,true,29,593,10-49,,standard application,811,0.0507,0
C000159,2024-04-28,TRAIN,DE,WEB,M,47,STUDENT,5040,0.0200,0.2763,0,false,50,684,,ORGANIC,standard application,808,0.0199,0
C000160,2024-04-29,TRAIN,PL,APP,M,73,EMPLOYED,6524,0.2027,0.4731,1,false,85,653,10-49,ORGANIC,standard application,746,0.0557,0
C000161,2024-04-30,TRAIN,SE,PARTNER,M,34,SELF_EMPLOYED,9167,0.3704,0.6801,0,true,76,633,1-9,ORGANIC,standard application,778,0.0903,0
C000162,2024-04-30,TRAIN,SE,WEB,F,25,EMPLOYED,5671,0.1761,0.5455,0,false,91,680,250+,DIRECT,manual review requested,765,0.0479,0
C000163,2024-05-01,TRAIN,PL,WEB,M,29,EMPLOYED,6575,0.2202,0.1826,0,false,52,711,,ORGANIC,standard application,804,0.0187,0
C000164,2024-05-02,TRAIN,DE,APP,M,28,UNEMPLOYED,3895,0.3109,0.5737,1,false,32,547,,ORGANIC,returning customer,573,0.4462,1
C000165,2024-05-03,TRAIN,PL,WEB,M,64,EMPLOYED,8255,0.3428,0.4368,1,false,24,553,,PAID_SEARCH,standard application,771,0.1191,0
C000166,2024-05-03,TRAIN,PL,APP,M,44,EMPLOYED,5991,0.0664,0.2919,1,false,108,713,10-49,AFFILIATE,standard application,806,0.0296,0
C000167,2024-05-04,TRAIN,DE,APP,F,18,EMPLOYED,7084,0.1593,0.6314,0,true,0,727,50-249,ORGANIC,standard application,757,0.0425,0
C000168,2024-05-05,TRAIN,PL,PARTNER,M,45,EMPLOYED,8030,0.2887,0.1111,0,true,60,704,10-49,ORGANIC,standard application,793,0.0148,0
C000169,2024-05-06,TRAIN,DE,APP,M,18,EMPLOYED,2504,0.3069,0.0980,0,true,28,576,50-249,AFFILIATE,income verification pending,795,0.0576,0
C000170,2024-05-06,TRAIN,PL,APP,F,37,EMPLOYED,5568,0.2026,0.2555,0,false,63,770,10-49,AFFILIATE,standard application,821,0.0143,0
C000171,2024-05-07,TRAIN,PL,WEB,M,46,EMPLOYED,9156,0.2421,0.4472,0,false,39,677,10-49,CRM,standard application,816,0.0297,0
C000172,2024-05-08,TRAIN,SE,WEB,F,25,EMPLOYED,5370,0.1288,0.4086,1,false,107,617,250+,PAID_SEARCH,standard application,763,0.0938,0
C000173,2024-05-09,TRAIN,PL,WEB,F,37,STUDENT,1720,0.1170,0.2390,0,false,35,696,,PAID_SEARCH,,803,0.0281,0
C000174,2024-05-09,TRAIN,DE,WEB,F,42,EMPLOYED,8991,0.3768,0.4814,0,false,2,559,50-249,DIRECT,standard application,743,0.0858,0
C000175,2024-05-10,TRAIN,PL,PARTNER,M,44,STUDENT,2839,0.1398,0.7130,0,true,21,603,,ORGANIC,returning customer,792,0.1125,0
C000176,2024-05-11,TRAIN,SE,APP,M,47,EMPLOYED,7314,0.0883,0.7827,0,true,87,588,250+,ORGANIC,standard application,783,0.0783,0
C000177,2024-05-12,TRAIN,DE,WEB,F,36,EMPLOYED,8242,0.4206,0.4719,0,true,0,693,,AFFILIATE,standard application,804,0.0481,0
C000178,2024-05-12,TRAIN,DE,WEB,X,44,STUDENT,1948,0.3012,0.4484,1,true,19,691,,CRM,,756,0.1136,0
C000179,2024-05-13,TRAIN,DE,APP,F,48,EMPLOYED,,0.3005,0.0622,0,false,80,,250+,ORGANIC,returning customer,836,0.0224,0
C000180,2024-05-14,TRAIN,PL,APP,F,19,EMPLOYED,5815,0.1068,0.1917,0,true,41,,50-249,ORGANIC,standard application,816,0.0268,0
C000181,2024-05-15,TRAIN,PL,PARTNER,M,52,EMPLOYED,7260,0.3053,0.1743,0,true,87,717,50-249,DIRECT,manual review requested,802,0.0155,0
C000182,2024-05-15,TRAIN,PL,WEB,F,51,EMPLOYED,5875,0.2091,0.5529,1,false,68,616,10-49,PAID_SEARCH,returning customer,736,0.1068,0
C000183,2024-05-16,TRAIN,PL,STORE,M,31,SELF_EMPLOYED,7468,0.3164,0.3843,0,true,23,721,10-49,ORGANIC,standard application,825,0.0305,0
C000184,2024-05-17,TRAIN,PL,STORE,F,44,EMPLOYED,7199,0.2358,0.3492,0,true,45,647,250+,CRM,manual review requested,822,0.0323,0
C000185,2024-05-18,TRAIN,PL,WEB,M,33,EMPLOYED,9270,0.2172,0.4368,0,false,35,565,10-49,CRM,standard application,792,0.0606,1
C000186,2024-05-18,TRAIN,PL,WEB,F,46,STUDENT,2863,0.1869,0.4779,0,true,95,616,,ORGANIC,standard application,763,0.0707,0
C000187,2024-05-19,TRAIN,SE,PARTNER,F,38,SELF_EMPLOYED,7612,0.4242,0.0572,0,true,34,,1-9,PAID_SEARCH,,817,0.0282,0
C000188,2024-05-20,TRAIN,NL,WEB,M,31,EMPLOYED,8164,0.1383,0.2760,0,false,23,757,50-249,PAID_SEARCH,standard application,802,0.0131,0
C000189,2024-05-21,TRAIN,NL,WEB,M,32,EMPLOYED,7071,0.1373,0.0972,1,false,37,645,250+,PAID_SEARCH,standard application,819,0.0368,0
C000190,2024-05-21,TRAIN,PL,APP,M,21,STUDENT,7221,0.3038,0.3464,0,false,28,,,PAID_SEARCH,,776,0.0632,1
C000191,2024-05-22,TRAIN,DE,WEB,M,50,EMPLOYED,4339,0.3011,0.6923,0,false,15,614,50-249,CRM,standard application,769,0.0961,0
C000192,2024-05-23,TRAIN,PL,APP,M,39,EMPLOYED,5839,0.0967,0.2788,0,true,106,612,250+,ORGANIC,returning customer,805,0.0293,0
C000193,2024-05-24,TRAIN,SE,WEB,M,48,EMPLOYED,6170,0.4699,0.5814,1,true,59,694,10-49,AFFILIATE,,761,0.1232,0
C000194,2024-05-24,TRAIN,PL,PARTNER,M,23,SELF_EMPLOYED,7565,0.3922,0.0000,0,false,51,617,1-9,DIRECT,standard application,794,0.0320,0
C000195,2024-05-25,TRAIN,PL,WEB,F,53,EMPLOYED,6881,0.2838,0.3961,0,false,114,608,50-249,ORGANIC,standard application,804,0.0450,0
C000196,2024-05-26,TRAIN,NL,STORE,F,29,EMPLOYED,6528,0.1693,0.6311,0,false,11,729,50-249,DIRECT,,808,0.0388,0
C000197,2024-05-27,TRAIN,PL,APP,M,38,EMPLOYED,8678,0.1317,0.3895,0,false,39,595,1-9,PAID_SEARCH,standard application,772,0.0381,0
C000198,2024-05-27,TRAIN,DE,WEB,M,41,EMPLOYED,7292,0.3221,0.2248,0,false,16,669,50-249,ORGANIC,standard application,818,0.0269,0
C000199,2024-05-28,TRAIN,DE,PARTNER,M,19,EMPLOYED,7676,0.2145,0.4541,0,true,14,537,250+,CRM,standard application,801,0.0923,0
C000200,2024-05-29,TRAIN,PL,WEB,M,36,EMPLOYED,7548,0.1918,0.5414,0,false,0,705,250+,ORGANIC,manual review requested,800,0.0339,0
C000201,2024-05-30,TRAIN,PL,APP,M,29,EMPLOYED,6647,0.0613,0.3730,0,false,66,654,50-249,ORGANIC,standard application,808,0.0280,0
C000202,2024-05-30,TRAIN,PL,PARTNER,F,37,EMPLOYED,5169,0.3797,0.4953,0,true,10,557,250+,DIRECT,standard application,740,0.1142,0
C000203,2024-05-31,TRAIN,PL,PARTNER,F,48,EMPLOYED,5908,0.0474,0.2495,0,true,21,741,50-249,CRM,standard application,842,0.0104,0
C000204,2024-06-01,TRAIN,PL,STORE,M,56,EMPLOYED,8713,0.2474,0.4176,0,false,127,658,10-49,DIRECT,,783,0.0287,1
C000205,2024-06-02,TRAIN,PL,PARTNER,F,29,RETIRED,6697,0.2211,0.5398,1,false,3,557,,PAID_SEARCH,,699,0.1746,0
C000206,2024-06-02,TRAIN,DE,APP,M,34,EMPLOYED,9270,0.2969,0.0000,1,true,60,639,250+,AFFILIATE,returning customer,811,0.0374,0
C000207,2024-06-03,TRAIN,SE,WEB,F,49,STUDENT,3106,0.1870,0.1616,1,true,30,714,,DIRECT,standard application,804,0.0402,0
C000208,2024-06-04,TRAIN,DE,APP,F,35,EMPLOYED,6404,0.3715,0.2122,0,false,93,729,250+,DIRECT,standard application,794,0.0230,0
C000209,2024-06-05,TRAIN,PL,APP,M,31,RETIRED,6111,0.2300,0.1276,0,false,41,707,,CRM,standard application,819,0.0174,0
C000210,2024-06-05,TRAIN,DE,APP,F,35,EMPLOYED,9374,0.1850,0.0726,0,false,12,668,50-249,DIRECT,manual review requested,814,0.0142,0
C000211,2024-06-06,TRAIN,PL,APP,F,27,EMPLOYED,5034,0.1808,0.3747,0,false,70,680,250+,PAID_SEARCH,standard application,803,0.0344,0
C000212,2024-06-07,TRAIN,SE,PARTNER,F,64,EMPLOYED,8496,0.1973,0.5463,1,true,43,793,,ORGANIC,standard application,783,0.0286,0
C000213,2024-06-08,TRAIN,PL,STORE,F,40,EMPLOYED,6398,0.0686,0.1587,0,true,78,,10-49,DIRECT,,828,0.0175,0
C000214,2024-06-08,TRAIN,PL,APP,F,47,EMPLOYED,7085,0.0866,0.6903,0,true,23,578,50-249,ORGANIC,standard application,756,0.0694,0
C000215,2024-06-09,TRAIN,NL,APP,M,36,RETIRED,5252,0.2264,0.2242,0,true,47,686,,DIRECT,manual review requested,809,0.0237,0
C000216,2024-06-10,TRAIN,PL,APP,F,58,RETIRED,6083,0.2380,0.3589,0,true,84,682,,AFFILIATE,,809,0.0243,0
C000217,2024-06-11,TRAIN,PL,APP,F,37,SELF_EMPLOYED,6026,0.2032,0.3563,0,false,13,634,1-9,,standard application,828,0.0382,0
C000218,2024-06-11,TRAIN,PL,WEB,M,43,EMPLOYED,6713,0.3944,0.5427,0,false,48,679,250+,ORGANIC,standard application,813,0.0571,0
C000219,2024-06-12,TRAIN,SE,WEB,F,39,EMPLOYED,8823,0.2565,0.4010,0,true,55,496,1-9,ORGANIC,standard application,780,0.0856,0
C000220,2024-06-13,TRAIN,PL,APP,M,33,EMPLOYED,6899,0.3128,0.0000,0,true,6,666,50-249,,returning customer,801,0.0188,0
C000221,2024-06-14,TRAIN,PL,APP,M,38,EMPLOYED,10112,0.0821,0.3863,0,true,52,690,50-249,DIRECT,standard application,818,0.0182,0
C000222,2024-06-14,TRAIN,DE,WEB,F,68,EMPLOYED,9904,0.2555,0.9039,1,false,100,651,10-49,ORGANIC,standard application,730,0.1293,0
C000223,2024-06-15,TRAIN,DE,WEB,M,35,EMPLOYED,7275,0.2294,0.2290,0,true,57,730,50-249,PAID_SEARCH,standard application,804,0.0169,0
C000224,2024-06-16,TRAIN,DE,APP,F,38,EMPLOYED,,0.1744,0.2993,0,true,84,704,50-249,AFFILIATE,returning customer,783,0.0220,0
C000225,2024-06-17,TRAIN,PL,PARTNER,M,50,SELF_EMPLOYED,10220,0.4904,0.3331,0,false,69,646,1-9,AFFILIATE,,824,0.0418,0
C000226,2024-06-17,TRAIN,SE,APP,M,61,EMPLOYED,9859,0.2518,0.5738,0,true,87,533,50-249,AFFILIATE,standard application,813,0.0725,0
C000227,2024-06-18,TRAIN,PL,APP,F,28,EMPLOYED,7518,0.2462,0.2390,0,false,13,655,250+,PAID_SEARCH,standard application,814,0.0296,1
C000228,2024-06-19,TRAIN,PL,PARTNER,M,30,UNEMPLOYED,5545,0.0901,0.1350,0,false,43,731,,DIRECT,returning customer,833,0.0276,0
C000229,2024-06-20,TRAIN,DE,WEB,M,35,EMPLOYED,3379,0.0385,0.5817,0,true,92,633,50-249,CRM,returning customer,792,0.0515,1
C000230,2024-06-20,TRAIN,PL,APP,F,21,SELF_EMPLOYED,6055,0.2687,0.0894,0,false,47,629,1-9,DIRECT,standard application,800,0.0310,0
C000231,2024-06-21,TRAIN,DE,APP,F,40,RETIRED,4791,0.3140,0.3977,0,true,32,636,,ORGANIC,returning customer,786,0.0529,0
C000232,2024-06-22,TRAIN,PL,WEB,F,33,STUDENT,2303,0.1547,0.5205,0,false,43,616,,PAID_SEARCH,standard application,787,0.0859,0
C000233,2024-06-23,TRAIN,DE,PARTNER,F,28,STUDENT,4751,0.2450,0.5265,1,false,78,579,,PAID_SEARCH,standard application,743,0.2151,1
C000234,2024-06-23,TRAIN,DE,WEB,F,42,EMPLOYED,7678,0.0200,0.4139,1,true,68,652,10-49,ORGANIC,,791,0.0462,0
C000235,2024-06-24,TRAIN,DE,APP,M,24,SELF_EMPLOYED,8306,0.2130,0.2594,0,false,52,584,10-49,AFFILIATE,returning customer,812,0.0438,0
C000236,2024-06-25,TRAIN,SE,WEB,M,33,EMPLOYED,7267,0.0200,0.3508,0,true,41,671,1-9,AFFILIATE,returning customer,803,0.0205,0
C000237,2024-06-26,TRAIN,DE,STORE,F,43,EMPLOYED,4845,0.1592,0.2601,1,true,124,705,50-249,ORGANIC,standard application,785,0.0377,0
C000238,2024-06-26,TRAIN,SE,STORE,F,52,EMPLOYED,8355,0.2463,0.4035,0,true,98,715,250+,ORGANIC,standard application,814,0.0213,0
C000239,2024-06-27,TRAIN,DE,STORE,M,56,EMPLOYED,7418,0.2422,0.4502,1,true,89,565,10-49,CRM,standard application,782,0.1078,0
C000240,2024-06-28,TRAIN,DE,APP,F,52,SELF_EMPLOYED,9614,0.3020,0.4072,0,false,61,577,,PAID_SEARCH,standard application,802,0.0500,0
C000241,2024-06-29,TRAIN,PL,WEB,F,49,EMPLOYED,4880,0.1190,0.3465,0,true,131,443,250+,AFFILIATE,standard application,756,0.0863,0
C000242,2024-06-29,TRAIN,SE,WEB,M,39,RETIRED,2868,0.2475,0.1899,0,false,86,587,,AFFILIATE,standard application,796,0.0448,0
C000243,2024-06-30,TRAIN,PL,APP,F,38,EMPLOYED,7509,0.1875,0.6025,0,true,59,666,50-249,ORGANIC,income verification pending,803,0.0467,0
C000244,2024-07-01,TRAIN,DE,WEB,F,48,SELF_EMPLOYED,5338,0.0200,0.1378,0,true,61,792,1-9,ORGANIC,income verification pending,832,0.0059,0
C000245,2024-07-02,TRAIN,PL,APP,M,30,EMPLOYED,5257,0.1108,0.3927,0,true,11,560,1-9,DIRECT,standard application,813,0.0588,0
C000246,2024-07-02,TRAIN,PL,APP,M,42,EMPLOYED,9779,0.2082,0.3741,0,false,127,596,10-49,CRM,returning customer,790,0.0386,0
C000247,2024-07-03,TRAIN,NL,APP,M,50,SELF_EMPLOYED,10581,0.2563,0.4690,0,true,122,597,1-9,ORGANIC,standard application,791,0.0449,0
C000248,2024-07-04,TRAIN,DE,APP,M,37,EMPLOYED,7102,0.2000,0.3001,0,false,6,705,250+,PAID_SEARCH,,819,0.0211,0
C000249,2024-07-05,TRAIN,DE,APP,M,38,EMPLOYED,5444,0.3071,0.2759,0,false,0,670,50-249,ORGANIC,standard application,839,0.0330,0
C000250,2024-07-05,TRAIN,DE,APP,F,30,EMPLOYED,3705,0.2053,0.7673,1,true,20,632,50-249,ORGANIC,income verification pending,738,0.1986,1
C000251,2024-07-06,TRAIN,PL,WEB,F,51,SELF_EMPLOYED,7001,0.3091,0.1071,0,false,53,737,1-9,CRM,standard application,819,0.0124,0
C000252,2024-07-07,TRAIN,SE,PARTNER,F,50,SELF_EMPLOYED,5370,0.3006,0.0000,0,true,55,651,,CRM,standard application,824,0.0178,0
C000253,2024-07-08,TRAIN,DE,WEB,F,57,EMPLOYED,5981,0.1223,0.3532,1,false,99,683,,DIRECT,,811,0.0386,0
C000254,2024-07-08,TRAIN,SE,STORE,F,18,EMPLOYED,5308,0.2669,0.5685,1,false,0,,50-249,ORGANIC,,733,0.1564,1
C000255,2024-07-09,TRAIN,PL,APP,F,37,EMPLOYED,3581,0.2259,0.5619,0,true,0,634,10-49,PAID_SEARCH,,816,0.0690,0
C000256,2024-07-10,TRAIN,DE,WEB,F,47,EMPLOYED,6799,0.1526,0.0190,0,false,39,721,50-249,ORGANIC,,807,0.0086,0
C000257,2024-07-11,TRAIN,SE,APP,F,43,EMPLOYED,4549,0.2007,0.2237,0,true,84,666,250+,AFFILIATE,,811,0.0241,0
C000258,2024-07-11,TRAIN,DE,PARTNER,F,31,RETIRED,4281,0.2959,0.0212,0,true,0,643,,PAID_SEARCH,,806,0.0256,0
C000259,2024-07-12,TRAIN,DE,WEB,F,31,UNEMPLOYED,800,0.2568,0.7882,0,true,0,730,,,returning customer,735,0.1748,0
C000260,2024-07-13,TRAIN,DE,WEB,M,60,EMPLOYED,6291,0.2075,0.2641,0,false,83,659,1-9,PAID_SEARCH,manual review requested,821,0.0207,0
C000261,2024-07-14,TRAIN,PL,WEB,F,54,EMPLOYED,6185,0.5535,0.2777,1,false,59,532,50-249,PAID_SEARCH,returning customer,720,0.1764,1
C000262,2024-07-14,TRAIN,PL,WEB,M,39,EMPLOYED,8799,0.0634,0.3819,0,true,75,676,50-249,PAID_SEARCH,returning customer,810,0.0200,0
C000263,2024-07-15,TRAIN,SE,APP,F,40,EMPLOYED,5620,0.1726,0.8273,0,false,117,575,50-249,ORGANIC,returning customer,747,0.1259,0
C000264,2024-07-16,TRAIN,NL,APP,M,48,EMPLOYED,9170,0.2520,0.4916,0,true,52,588,250+,PAID_SEARCH,standard application,765,0.0540,0
C000265,2024-07-17,TRAIN,DE,APP,F,36,EMPLOYED,6962,0.1859,0.5193,0,false,26,608,10-49,,standard application,790,0.0575,0
C000266,2024-07-17,TRAIN,DE,WEB,M,28,EMPLOYED,8419,0.0764,0.3031,0,true,0,678,50-249,AFFILIATE,income verification pending,804,0.0199,0
C000267,2024-07-18,TRAIN,PL,WEB,M,33,EMPLOYED,7197,0.3348,0.3566,1,true,0,685,1-9,PAID_SEARCH,standard application,784,0.0723,0
C000268,2024-07-19,TRAIN,PL,WEB,F,34,EMPLOYED,8438,0.3896,0.2716,0,false,50,742,50-249,AFFILIATE,standard application,799,0.0227,0
C000269,2024-07-20,TRAIN,DE,STORE,M,43,SELF_EMPLOYED,11176,0.1105,0.1209,0,false,50,663,1-9,ORGANIC,standard application,815,0.0115,0
C000270,2024-07-20,TRAIN,NL,PARTNER,M,41,EMPLOYED,7013,0.2602,0.5370,0,false,78,631,50-249,DIRECT,standard application,788,0.0572,0
C000271,2024-07-21,TRAIN,SE,WEB,F,35,EMPLOYED,6801,0.3494,0.6305,0,true,46,621,10-49,ORGANIC,standard application,764,0.0936,0
C000272,2024-07-22,TRAIN,PL,APP,M,32,EMPLOYED,7311,0.1330,0.0919,1,false,27,618,250+,PAID_SEARCH,,821,0.0416,0
C000273,2024-07-23,TRAIN,DE,STORE,M,63,EMPLOYED,8528,0.0200,0.4919,0,true,81,632,50-249,PAID_SEARCH,standard application,810,0.0228,0
C000274,2024-07-23,TRAIN,NL,PARTNER,F,31,EMPLOYED,7558,0.2904,0.3992,0,true,75,656,1-9,ORGANIC,standard application,812,0.0433,0
C000275,2024-07-24,TRAIN,DE,PARTNER,F,50,STUDENT,4866,0.2858,0.4306,0,true,47,700,,PAID_SEARCH,returning customer,805,0.0418,0
C000276,2024-07-25,TRAIN,PL,APP,F,42,RETIRED,8552,0.2316,0.4857,0,true,59,794,,DIRECT,standard application,779,0.0172,0
C000277,2024-07-26,TRAIN,PL,PARTNER,F,52,EMPLOYED,8764,0.2285,0.3623,0,true,76,690,250+,CRM,standard application,808,0.0213,0
C000278,2024-07-26,TRAIN,PL,STORE,M,54,EMPLOYED,5968,0.0200,0.8007,0,false,58,714,50-249,ORGANIC,manual review requested,804,0.0343,0
C000279,2024-07-27,TRAIN,SE,APP,M,46,STUDENT,4508,0.0436,0.5707,0,false,58,730,,AFFILIATE,,812,0.0307,0
C000280,2024-07-28,TRAIN,PL,STORE,F,43,RETIRED,3086,0.1984,0.5938,0,false,58,636,,ORGANIC,standard application,798,0.0661,0
C000281,2024-07-29,TRAIN,NL,APP,F,57,EMPLOYED,10095,0.1452,0.0912,0,false,39,760,10-49,AFFILIATE,standard application,822,0.0058,0
C000282,2024-07-29,TRAIN,DE,STORE,M,46,RETIRED,5019,0.2486,0.2722,0,true,36,692,,DIRECT,standard application,843,0.0238,0
C000283,2024-07-30,TRAIN,PL,APP,F,48,EMPLOYED,9105,0.2328,0.4986,0,false,78,570,250+,ORGANIC,returning customer,792,0.0586,0
C000284,2024-07-31,TRAIN,NL,APP,M,29,EMPLOYED,8778,0.3097,0.0000,0,false,17,742,250+,DIRECT,,820,0.0113,0
C000285,2024-08-01,TRAIN,SE,PARTNER,M,36,EMPLOYED,8038,0.2797,0.6375,1,false,71,579,50-249,PAID_SEARCH,standard application,739,0.1809,0
C000286,2024-08-01,TRAIN,DE,STORE,M,47,RETIRED,5719,0.4095,0.3732,0,true,67,730,,DIRECT,income verification pending,817,0.0312,0
C000287,2024-08-02,TRAIN,PL,PARTNER,F,31,EMPLOYED,5548,0.2691,0.4698,0,false,2,663,10-49,ORGANIC,income verification pending,788,0.0512,0
C000288,2024-08-03,TRAIN,PL,APP,M,52,EMPLOYED,4960,0.4876,0.4217,0,true,69,582,10-49,PAID_SEARCH,standard application,775,0.0913,0
C000289,2024-08-04,TRAIN,SE,WEB,M,29,EMPLOYED,6177,0.0947,0.0000,0,false,43,678,1-9,PAID_SEARCH,standard application,811,0.0122,0
C000290,2024-08-04,TRAIN,DE,STORE,F,52,EMPLOYED,4833,0.1525,0.5603,0,true,78,715,1-9,ORGANIC,,777,0.0295,0
C000291,2024-08-05,TRAIN,PL,WEB,F,49,EMPLOYED,4637,0.1828,0.7222,0,false,82,729,1-9,AFFILIATE,standard application,826,0.0423,0
C000292,2024-08-06,TRAIN,SE,WEB,M,48,EMPLOYED,7580,0.2445,0.2565,0,false,65,753,250+,PAID_SEARCH,standard application,786,0.0136,0
C000293,2024-08-07,TRAIN,DE,APP,M,34,EMPLOYED,5896,0.3136,0.1508,1,false,33,657,50-249,ORGANIC,standard application,797,0.0567,0
C000294,2024-08-07,TRAIN,NL,APP,M,52,SELF_EMPLOYED,8621,0.2057,0.2982,0,true,80,615,1-9,ORGANIC,,816,0.0278,0
C000295,2024-08-08,TRAIN,NL,STORE,M,26,EMPLOYED,7513,0.4607,0.7224,1,true,57,701,,ORGANIC,returning customer,732,0.1779,0
C000296,2024-08-09,TRAIN,PL,PARTNER,M,31,SELF_EMPLOYED,9332,0.1891,0.6767,0,false,0,635,1-9,AFFILIATE,standard application,786,0.0640,0
C000297,2024-08-10,TRAIN,SE,PARTNER,M,33,EMPLOYED,8947,0.0920,0.3727,0,true,62,785,250+,ORGANIC,standard application,814,0.0116,0
C000298,2024-08-10,TRAIN,NL,WEB,F,68,EMPLOYED,5272,0.2000,0.3838,0,false,47,666,1-9,DIRECT,standard application,795,0.0242,0
C000299,2024-08-11,TRAIN,NL,PARTNER,M,50,SELF_EMPLOYED,8817,0.3658,0.2842,0,true,81,617,10-49,AFFILIATE,standard application,781,0.0374,0
C000300,2024-08-12,TRAIN,DE,STORE,M,39,SELF_EMPLOYED,8486,0.2324,0.3592,0,false,59,638,1-9,ORGANIC,standard application,800,0.0341,0
C000301,2024-08-13,TRAIN,DE,WEB,M,59,EMPLOYED,10424,0.1960,0.0000,0,false,0,609,,CRM,,843,0.0126,0
C000302,2024-08-13,TRAIN,NL,WEB,M,50,EMPLOYED,7182,0.0720,0.2333,0,false,76,666,250+,ORGANIC,standard application,806,0.0151,0
C000303,2024-08-14,TRAIN,SE,WEB,M,62,EMPLOYED,6488,0.0476,0.6644,1,false,108,665,10-49,,income verification pending,782,0.0640,0
C000304,2024-08-15,TRAIN,PL,WEB,F,28,STUDENT,2224,0.2085,0.5791,0,false,4,650,,DIRECT,income verification pending,782,0.0940,0
C000305,2024-08-16,TRAIN,PL,WEB,F,37,EMPLOYED,4877,0.3254,0.1001,0,false,42,719,50-249,DIRECT,standard application,845,0.0186,0
C000306,2024-08-16,TRAIN,NL,APP,M,32,EMPLOYED,3034,0.0714,0.3337,0,false,79,678,50-249,,standard application,829,0.0268,0
C000307,2024-08-17,TRAIN,DE,PARTNER,F,34,EMPLOYED,7488,0.2233,0.6240,0,true,48,670,1-9,DIRECT,standard application,823,0.0537,0
C000308,2024-08-18,TRAIN,PL,STORE,M,32,EMPLOYED,7217,0.1694,0.0000,0,true,70,737,250+,,,839,0.0091,0
C000309,2024-08-19,TRAIN,PL,WEB,F,54,EMPLOYED,4748,0.1797,0.7197,0,false,91,607,50-249,ORGANIC,income verification pending,773,0.0782,1
C000310,2024-08-19,TRAIN,PL,APP,M,53,EMPLOYED,7855,0.1916,0.0198,1,true,79,663,50-249,ORGANIC,,795,0.0236,0
C000311,2024-08-20,TRAIN,PL,WEB,F,28,STUDENT,4556,0.2979,0.8831,0,false,95,674,,PAID_SEARCH,standard application,718,0.1549,0
C000312,2024-08-21,TRAIN,DE,WEB,F,26,EMPLOYED,4734,0.1748,0.6354,0,false,124,,10-49,DIRECT,standard application,791,0.0745,0
C000313,2024-08-22,TRAIN,DE,WEB,F,40,EMPLOYED,6768,0.4357,0.2548,0,true,73,599,50-249,CRM,standard application,792,0.0561,0
C000314,2024-08-22,TRAIN,PL,APP,M,35,EMPLOYED,5364,0.3537,0.5995,0,true,53,599,250+,DIRECT,standard application,756,0.1074,0
C000315,2024-08-23,TRAIN,SE,APP,F,36,EMPLOYED,3974,0.1353,0.3314,0,false,88,707,1-9,AFFILIATE,income verification pending,779,0.0233,0
C000316,2024-08-24,TRAIN,DE,WEB,F,31,EMPLOYED,5617,0.2805,0.5319,0,true,0,666,,ORGANIC,standard application,792,0.0582,0
C000317,2024-08-25,TRAIN,SE,APP,M,37,EMPLOYED,7594,0.1739,0.1145,0,false,55,566,10-49,ORGANIC,standard application,773,0.0297,0
C000318,2024-08-25,TRAIN,PL,WEB,M,27,EMPLOYED,6615,0.2473,0.3619,0,false,39,702,250+,ORGANIC,,758,0.0310,0
C000319,2024-08-26,TRAIN,DE,APP,M,43,UNEMPLOYED,1898,0.0676,0.1455,2,true,32,512,,PAID_SEARCH,standard application,649,0.3127,1
C000320,2024-08-27,TRAIN,NL,WEB,F,37,EMPLOYED,7563,0.4168,0.8249,0,false,77,661,10-49,PAID_SEARCH,standard application,741,0.1174,0
C000321,2024-08-28,TRAIN,DE,APP,F,43,EMPLOYED,6903,0.2140,0.6009,0,true,7,604,50-249,DIRECT,standard application,777,0.0680,0
C000322,2024-08-28,TRAIN,PL,WEB,F,45,EMPLOYED,6757,0.2674,0.4988,0,true,11,754,50-249,ORGANIC,returning customer,823,0.0255,0
C000323,2024-08-29,TRAIN,PL,WEB,M,38,SELF_EMPLOYED,9418,0.2294,0.3525,0,false,90,639,1-9,PAID_SEARCH,,826,0.0320,0
C000324,2024-08-30,TRAIN,DE,APP,F,30,EMPLOYED,7943,0.0670,0.1173,0,false,46,632,50-249,ORGANIC,returning customer,811,0.0174,0
C000325,2024-08-31,TRAIN,SE,STORE,F,26,STUDENT,5824,0.4299,0.5096,0,false,24,648,,,standard application,776,0.1079,0
C000326,2024-08-31,TRAIN,DE,APP,F,39,EMPLOYED,8693,0.4225,0.3637,0,true,20,695,10-49,,returning customer,778,0.0360,0
C000327,2024-09-01,TRAIN,DE,APP,F,36,EMPLOYED,7259,0.2513,0.1246,2,false,6,583,10-49,PAID_SEARCH,,738,0.1263,0
C000328,2024-09-02,TRAIN,DE,APP,F,37,UNEMPLOYED,800,0.3343,0.4661,0,true,85,704,,DIRECT,standard application,769,0.1194,1
C000329,2024-09-03,TRAIN,NL,APP,F,18,SELF_EMPLOYED,9872,0.2942,0.3089,0,false,44,586,1-9,ORGANIC,standard application,777,0.0556,1
C000330,2024-09-03,TRAIN,PL,APP,M,22,EMPLOYED,8258,0.0974,0.4444,0,false,43,,10-49,ORGANIC,standard application,806,0.0377,0
C000331,2024-09-04,TRAIN,PL,STORE,M,41,EMPLOYED,5063,0.2369,0.4197,0,true,0,604,250+,CRM,standard application,791,0.0555,0
C000332,2024-09-05,TRAIN,PL,APP,M,22,EMPLOYED,7545,0.3725,0.4525,1,false,10,627,250+,PAID_SEARCH,standard application,731,0.1412,0
C000333,2024-09-06,TRAIN,NL,WEB,M,39,EMPLOYED,4507,0.1244,0.2472,0,true,38,690,50-249,CRM,standard application,781,0.0198,0
C000334,2024-09-06,TRAIN,PL,WEB,F,18,SELF_EMPLOYED,7036,0.0899,0.3988,0,false,19,,1-9,CRM,standard application,813,0.0378,0
C000335,2024-09-07,TRAIN,SE,WEB,M,44,SELF_EMPLOYED,7386,0.1583,0.2113,0,true,113,723,1-9,AFFILIATE,,815,0.0131,0
C000336,2024-09-08,TRAIN,PL,APP,F,38,STUDENT,4522,0.1120,0.6144,0,false,100,768,,ORGANIC,,778,0.0340,0
C000337,2024-09-09,TRAIN,DE,PARTNER,F,48,EMPLOYED,4436,0.0807,0.2181,0,false,52,633,1-9,CRM,standard application,808,0.0215,1
C000338,2024-09-09,TRAIN,PL,STORE,M,36,EMPLOYED,10021,0.2789,0.3039,0,true,14,747,50-249,AFFILIATE,standard application,785,0.0169,0
C000339,2024-09-10,TRAIN,DE,APP,F,59,SELF_EMPLOYED,9087,0.3141,0.3560,0,true,69,588,1-9,DIRECT,standard application,806,0.0411,0
C000340,2024-09-11,TRAIN,PL,APP,F,43,EMPLOYED,7134,0.0876,0.2595,0,true,38,739,1-9,DIRECT,standard application,797,0.0117,0
C000341,2024-09-12,TRAIN,DE,STORE,F,52,EMPLOYED,9346,0.2111,0.6517,0,false,83,650,10-49,DIRECT,standard application,773,0.0459,0
C000342,2024-09-12,TRAIN,PL,APP,F,50,SELF_EMPLOYED,6637,0.1452,0.3660,0,false,12,668,1-9,ORGANIC,returning customer,817,0.0236,0
C000343,2024-09-13,TRAIN,PL,WEB,M,25,EMPLOYED,9301,0.1976,0.3545,0,false,42,665,,PAID_SEARCH,returning customer,806,0.0303,0
C000344,2024-09-14,TRAIN,DE,PARTNER,M,43,EMPLOYED,9262,0.1529,0.2085,0,false,87,629,50-249,PAID_SEARCH,manual review requested,777,0.0204,0
C000345,2024-09-15,TRAIN,PL,STORE,M,47,EMPLOYED,6331,0.2405,0.8166,0,false,137,567,250+,PAID_SEARCH,standard application,769,0.1309,0
C000346,2024-09-15,TRAIN,PL,WEB,M,35,EMPLOYED,8912,0.2290,0.2062,0,false,17,789,50-249,DIRECT,returning customer,849,0.0104,0
C000347,2024-09-16,TRAIN,PL,PARTNER,F,34,EMPLOYED,9111,0.0898,0.4702,0,true,87,693,,ORGANIC,standard application,819,0.0239,0
C000348,2024-09-17,TRAIN,SE,PARTNER,F,43,SELF_EMPLOYED,8601,0.2896,0.3200,0,false,53,693,1-9,DIRECT,standard application,798,0.0243,0
C000349,2024-09-18,TRAIN,PL,STORE,M,35,EMPLOYED,,0.2366,0.1879,0,true,47,621,10-49,AFFILIATE,standard application,831,0.0332,0
C000350,2024-09-18,TRAIN,PL,APP,M,46,RETIRED,8120,0.2005,0.1647,0,true,103,651,,PAID_SEARCH,,819,0.0185,0
C000351,2024-09-19,TRAIN,DE,APP,M,25,SELF_EMPLOYED,7545,0.1076,0.2435,0,false,23,660,1-9,AFFILIATE,standard application,782,0.0226,0
C000352,2024-09-20,TRAIN,SE,APP,F,42,EMPLOYED,9141,0.0391,0.4866,0,false,81,708,1-9,PAID_SEARCH,standard application,805,0.0186,0
C000353,2024-09-21,TRAIN,PL,WEB,F,25,EMPLOYED,8094,0.0200,0.1390,0,true,12,656,50-249,,returning customer,822,0.0151,0
C000354,2024-09-21,TRAIN,PL,WEB,M,31,EMPLOYED,5655,0.3212,0.1436,0,false,17,,10-49,DIRECT,standard application,810,0.0329,0
C000355,2024-09-22,TRAIN,PL,APP,F,41,EMPLOYED,6388,0.1638,0.3885,0,true,52,676,250+,PAID_SEARCH,standard application,834,0.0276,0
C000356,2024-09-23,TRAIN,PL,APP,M,58,EMPLOYED,5942,0.1730,0.2332,0,false,43,733,10-49,PAID_SEARCH,,812,0.0122,0
C000357,2024-09-24,TRAIN,DE,WEB,M,51,EMPLOYED,6420,0.2239,0.0000,0,false,111,693,10-49,PAID_SEARCH,income verification pending,883,0.0111,0
C000358,2024-09-24,TRAIN,DE,PARTNER,F,34,EMPLOYED,9239,0.2210,0.4315,0,true,23,661,,ORGANIC,standard application,783,0.0345,0
C000359,2024-09-25,TRAIN,DE,WEB,F,52,EMPLOYED,6425,0.2613,0.3464,0,false,94,723,50-249,ORGANIC,standard application,813,0.0206,0
C000360,2024-09-26,TRAIN,PL,APP,X,38,RETIRED,4198,0.1644,0.5411,0,false,12,663,,AFFILIATE,,782,0.0476,0
C000361,2024-09-27,TRAIN,SE,WEB,F,52,EMPLOYED,7801,0.0592,0.7240,0,false,44,640,250+,DIRECT,standard application,798,0.0451,0
C000362,2024-09-27,TRAIN,SE,WEB,M,53,RETIRED,5882,0.1400,0.4121,0,false,36,726,,AFFILIATE,returning customer,834,0.0184,0
C000363,2024-09-28,TRAIN,PL,APP,M,65,SELF_EMPLOYED,10769,0.1514,0.4127,1,false,97,561,1-9,AFFILIATE,standard application,783,0.0658,0
C000364,2024-09-29,TRAIN,DE,WEB,F,34,RETIRED,5560,0.2801,0.4583,0,false,57,674,,,standard application,838,0.0463,1
C000365,2024-09-30,TRAIN,PL,APP,M,46,SELF_EMPLOYED,8262,0.0723,0.4107,0,false,45,644,10-49,AFFILIATE,standard application,780,0.0247,0
C000366,2024-09-30,TRAIN,PL,WEB,M,42,EMPLOYED,8932,0.0510,0.6547,0,false,8,671,250+,PAID_SEARCH,standard application,807,0.0340,0
C000367,2024-10-01,TRAIN,DE,APP,M,30,SELF_EMPLOYED,9556,0.0200,0.3875,0,true,52,610,1-9,DIRECT,returning customer,787,0.0290,0
C000368,2024-10-02,TRAIN,DE,PARTNER,M,30,EMPLOYED,8399,0.0864,0.3057,1,false,6,615,250+,DIRECT,manual review requested,781,0.0577,0
C000369,2024-10-03,TRAIN,PL,STORE,M,69,EMPLOYED,6801,0.3622,0.7009,1,true,56,616,10-49,DIRECT,,766,0.1480,0
C000370,2024-10-03,TRAIN,PL,WEB,M,43,EMPLOYED,4384,0.0200,0.3721,0,false,12,744,50-249,DIRECT,standard application,818,0.0145,0
C000371,2024-10-04,TRAIN,NL,APP,M,32,EMPLOYED,8167,0.0640,0.2634,1,false,31,642,250+,ORGANIC,standard application,806,0.0429,0
C000372,2024-10-05,TRAIN,PL,WEB,F,36,EMPLOYED,8002,0.3024,0.3280,0,true,77,622,250+,DIRECT,returning customer,792,0.0429,0
C000373,2024-10-06,TRAIN,DE,PARTNER,M,40,EMPLOYED,8475,0.1773,0.0281,0,true,67,721,10-49,PAID_SEARCH,manual review requested,820,0.0092,0
C000374,2024-10-06,TRAIN,PL,APP,M,40,STUDENT,2630,0.1143,0.2471,0,true,34,532,,PAID_SEARCH,manual review requested,762,0.0669,0
C000375,2024-10-07,TRAIN,DE,WEB,F,27,EMPLOYED,5346,0.1167,0.4495,1,false,0,601,50-249,ORGANIC,returning customer,786,0.1060,0
C000376,2024-10-08,TRAIN,PL,WEB,M,27,EMPLOYED,7876,0.3310,0.0413,1,false,19,722,10-49,ORGANIC,returning customer,801,0.0315,0
C000377,2024-10-09,TRAIN,DE,APP,M,58,EMPLOYED,7471,0.1240,0.5619,0,false,59,661,1-9,ORGANIC,manual review requested,811,0.0309,0
C000378,2024-10-09,TRAIN,DE,STORE,F,26,EMPLOYED,3918,0.1630,0.6278,0,false,66,686,50-249,PAID_SEARCH,income verification pending,788,0.0578,0
C000379,2024-10-10,TRAIN,SE,APP,F,20,EMPLOYED,4595,0.2874,0.3010,0,false,26,,250+,ORGANIC,standard application,798,0.0511,0
C000380,2024-10-11,TRAIN,SE,WEB,M,37,SELF_EMPLOYED,8873,0.0819,0.5847,1,true,0,621,1-9,PAID_SEARCH,returning customer,765,0.0871,0
C000381,2024-10-12,TRAIN,PL,PARTNER,M,20,EMPLOYED,7412,0.0239,0.3375,0,false,62,,50-249,ORGANIC,standard application,817,0.0279,0
C000382,2024-10-12,TRAIN,PL,APP,F,31,UNEMPLOYED,5587,0.0748,0.2687,0,true,51,731,,CRM,standard application,781,0.0349,0
C000383,2024-10-13,TRAIN,NL,PARTNER,F,39,SELF_EMPLOYED,7777,0.1068,0.4846,0,false,107,716,10-49,ORGANIC,standard application,842,0.0226,0
C000384,2024-10-14,TRAIN,NL,WEB,M,39,UNEMPLOYED,4880,0.0679,0.0488,1,false,71,713,,AFFILIATE,manual review requested,810,0.0458,0
C000385,2024-10-15,TRAIN,PL,WEB,F,45,EMPLOYED,10111,0.0316,0.4337,0,true,105,601,10-49,ORGANIC,standard application,788,0.0281,0
C000386,2024-10-15,TRAIN,NL,APP,M,57,EMPLOYED,9087,0.1217,0.5314,0,false,35,756,1-9,CRM,standard application,842,0.0153,0
C000387,2024-10-16,TRAIN,NL,APP,F,47,EMPLOYED,,0.1384,0.2399,0,false,108,715,250+,AFFILIATE,standard application,779,0.0152,0
C000388,2024-10-17,TRAIN,SE,APP,M,56,EMPLOYED,3392,0.1035,0.6599,0,true,48,638,10-49,PAID_SEARCH,returning customer,755,0.0526,0
C000389,2024-10-18,TRAIN,NL,WEB,M,38,EMPLOYED,6409,0.4464,0.0700,0,true,51,686,250+,DIRECT,standard application,777,0.0247,1
C000390,2024-10-18,TRAIN,DE,STORE,M,46,EMPLOYED,8165,0.2295,0.3469,0,true,65,672,250+,ORGANIC,income verification pending,837,0.0254,0
C000391,2024-10-19,TRAIN,PL,APP,M,47,EMPLOYED,6866,0.0904,0.4755,0,false,127,637,50-249,PAID_SEARCH,standard application,804,0.0326,0
C000392,2024-10-20,TRAIN,PL,WEB,F,42,EMPLOYED,6092,0.3546,0.5649,0,false,68,601,250+,PAID_SEARCH,manual review requested,782,0.0890,1
C000393,2024-10-21,TRAIN,PL,APP,F,29,RETIRED,5982,0.2627,0.4509,0,false,44,767,,CRM,standard application,815,0.0266,0
C000394,2024-10-21,TRAIN,PL,APP,F,67,EMPLOYED,4996,0.2772,0.4093,0,false,119,682,1-9,DIRECT,returning customer,818,0.0280,0
C000395,2024-10-22,TRAIN,PL,APP,M,40,STUDENT,5243,0.1653,0.2737,0,true,41,756,,AFFILIATE,standard application,809,0.0187,0
C000396,2024-10-23,TRAIN,DE,WEB,F,71,RETIRED,3829,0.2523,0.2378,0,true,114,676,,AFFILIATE,standard application,822,0.0195,0
C000397,2024-10-24,TRAIN,DE,WEB,M,43,EMPLOYED,,0.0505,0.1777,0,false,21,734,10-49,PAID_SEARCH,standard application,792,0.0104,0
C000398,2024-10-24,TRAIN,SE,PARTNER,M,50,EMPLOYED,8147,0.2105,0.5753,0,false,115,686,250+,ORGANIC,standard application,787,0.0347,0
C000399,2024-10-25,TRAIN,PL,APP,F,42,EMPLOYED,6051,0.1015,0.7119,0,true,31,696,250+,PAID_SEARCH,standard application,784,0.0427,0
C000400,2024-10-26,TRAIN,PL,WEB,F,37,EMPLOYED,8406,0.2347,0.4143,0,false,15,642,1-9,AFFILIATE,standard application,796,0.0386,0
C000401,2024-10-27,TRAIN,NL,APP,F,47,EMPLOYED,7013,0.3279,0.2644,1,false,69,632,50-249,ORGANIC,standard application,817,0.0688,0
C000402,2024-10-28,TRAIN,PL,WEB,M,59,EMPLOYED,8218,0.0481,0.2502,0,true,96,650,50-249,AFFILIATE,standard application,828,0.0139,0
C000403,2024-10-28,TRAIN,DE,WEB,M,18,SELF_EMPLOYED,12146,0.2698,0.2064,0,false,26,670,1-9,AFFILIATE,standard application,757,0.0233,0
C000404,2024-10-29,TRAIN,PL,WEB,F,55,EMPLOYED,,0.2502,0.5371,1,false,38,588,,AFFILIATE,standard application,788,0.1286,0
C000405,2024-10-30,TRAIN,DE,PARTNER,M,26,EMPLOYED,5337,0.1444,0.5425,0,false,53,648,10-49,ORGANIC,manual review requested,782,0.0540,0
C000406,2024-10-31,TRAIN,DE,STORE,M,52,UNEMPLOYED,3489,0.2986,0.3794,0,false,88,744,,AFFILIATE,standard application,789,0.0559,0
C000407,2024-10-31,TRAIN,DE,PARTNER,F,42,EMPLOYED,9203,0.0200,0.0511,0,false,0,703,10-49,CRM,,786,0.0073,0
C000408,2024-11-01,TRAIN,NL,WEB,F,18,RETIRED,5949,0.2956,0.4332,0,false,17,,,DIRECT,,822,0.0647,0
C000409,2024-11-02,TRAIN,PL,WEB,F,31,SELF_EMPLOYED,6901,0.2104,0.0851,0,false,39,681,1-9,AFFILIATE,income verification pending,814,0.0171,0
C000410,2024-11-03,TRAIN,PL,WEB,F,39,SELF_EMPLOYED,9569,0.1663,0.3467,0,false,0,645,1-9,CRM,standard application,828,0.0263,0
C000411,2024-11-03,TRAIN,PL,STORE,M,33,EMPLOYED,7992,0.2967,0.6351,0,false,88,647,10-49,CRM,returning customer,788,0.0712,0
C000412,2024-11-04,TRAIN,PL,APP,F,36,EMPLOYED,6909,0.2216,0.2507,0,false,44,636,10-49,PAID_SEARCH,,804,0.0304,0
C000413,2024-11-05,TRAIN,PL,WEB,M,75,UNEMPLOYED,2648,0.2264,0.8072,0,false,128,632,,ORGANIC,standard application,751,0.1657,0
C000414,2024-11-06,TRAIN,PL,WEB,F,60,EMPLOYED,7937,0.1409,0.2112,1,false,32,679,50-249,DIRECT,returning customer,791,0.0266,0
C000415,2024-11-06,TRAIN,DE,WEB,M,58,SELF_EMPLOYED,7754,0.3833,0.2592,0,false,73,696,1-9,DIRECT,,800,0.0224,0
C000416,2024-11-07,TRAIN,SE,PARTNER,M,20,EMPLOYED,8735,0.0200,0.3664,0,false,20,665,1-9,ORGANIC,standard application,818,0.0236,0
C000417,2024-11-08,TRAIN,PL,PARTNER,F,65,UNEMPLOYED,800,0.2188,0.3077,2,false,79,642,,ORGANIC,standard application,663,0.2488,0
C000418,2024-11-09,TRAIN,SE,APP,M,35,EMPLOYED,6703,0.1403,0.4625,0,true,81,654,50-249,ORGANIC,,831,0.0368,0
C000419,2024-11-09,TRAIN,PL,STORE,F,57,UNEMPLOYED,4359,0.2433,0.4790,0,false,70,739,,DIRECT,standard application,792,0.0570,0
C000420,2024-11-10,TRAIN,PL,WEB,M,27,EMPLOYED,9393,0.3473,0.4780,0,false,43,699,50-249,ORGANIC,standard application,759,0.0424,0
C000421,2024-11-11,TRAIN,PL,APP,M,45,EMPLOYED,7460,0.3342,0.4476,0,false,43,720,10-49,DIRECT,income verification pending,816,0.0309,0
C000422,2024-11-12,TRAIN,PL,APP,M,59,EMPLOYED,7175,0.1368,0.3254,1,true,55,617,50-249,PAID_SEARCH,standard application,811,0.0503,1
C000423,2024-11-12,TRAIN,PL,APP,M,42,EMPLOYED,6022,0.3151,0.3948,0,true,51,551,250+,ORGANIC,standard application,762,0.0779,0
C000424,2024-11-13,TRAIN,DE,APP,F,38,EMPLOYED,10619,0.1851,0.3131,0,true,0,678,1-9,PAID_SEARCH,manual review requested,817,0.0201,0
C000425,2024-11-14,TRAIN,SE,WEB,M,33,UNEMPLOYED,6489,0.3325,0.6595,0,false,69,637,,PAID_SEARCH,income verification pending,712,0.1902,1
C000426,2024-11-15,TRAIN,PL,WEB,M,32,EMPLOYED,8004,0.0810,0.5251,0,false,50,603,50-249,ORGANIC,standard application,810,0.0482,0
C000427,2024-11-15,TRAIN,NL,PARTNER,F,42,SELF_EMPLOYED,7045,0.0200,0.3520,0,false,73,676,1-9,DIRECT,standard application,784,0.0182,0
C000428,2024-11-16,TRAIN,PL,PARTNER,M,36,UNEMPLOYED,3864,0.0787,0.0342,1,false,102,638,,AFFILIATE,standard application,776,0.0756,0
C000429,2024-11-17,TRAIN,DE,PARTNER,F,47,STUDENT,1468,0.1899,0.6205,0,true,58,706,,AFFILIATE,standard application,772,0.0608,1
C000430,2024-11-18,TRAIN,SE,STORE,M,47,EMPLOYED,7936,0.1914,0.5906,0,false,84,685,50-249,CRM,standard application,815,0.0363,0
C000431,2024-11-18,TRAIN,SE,APP,F,45,EMPLOYED,4962,0.0931,0.2724,1,true,14,624,10-49,ORGANIC,returning customer,787,0.0524,0
C000432,2024-11-19,TRAIN,DE,WEB,F,42,EMPLOYED,5462,0.0200,0.2852,0,false,55,678,250+,AFFILIATE,,778,0.0170,0
C000433,2024-11-20,TRAIN,PL,APP,M,37,EMPLOYED,4227,0.2034,0.3548,0,false,66,538,50-249,DIRECT,,747,0.0721,0
C000434,2024-11-21,TRAIN,PL,WEB,M,48,STUDENT,4868,0.1158,0.4080,0,false,80,653,,DIRECT,returning customer,797,0.0380,0
C000435,2024-11-21,TRAIN,SE,APP,F,37,EMPLOYED,8638,0.1862,0.1537,0,false,49,661,1-9,ORGANIC,standard application,775,0.0179,0
C000436,2024-11-22,TRAIN,DE,WEB,F,59,UNEMPLOYED,800,0.4224,0.6115,0,false,122,557,,ORGANIC,standard application,644,0.2927,0
C000437,2024-11-23,TRAIN,DE,WEB,F,54,EMPLOYED,5127,0.2096,0.5984,0,true,72,674,50-249,PAID_SEARCH,income verification pending,771,0.0436,0
C000438,2024-11-24,TRAIN,PL,WEB,M,56,EMPLOYED,6404,0.0200,0.4653,0,false,92,720,50-249,AFFILIATE,returning customer,844,0.0156,0
C000439,2024-11-24,TRAIN,DE,APP,M,39,RETIRED,5659,0.2966,0.2776,1,true,32,591,,ORGANIC,standard application,760,0.0975,0
C000440,2024-11-25,TRAIN,PL,STORE,F,60,EMPLOYED,,0.2054,0.3651,1,false,65,615,50-249,ORGANIC,,788,0.0692,0
C000441,2024-11-26,TRAIN,NL,APP,M,70,EMPLOYED,5567,0.1558,0.0000,0,false,102,592,50-249,PAID_SEARCH,standard application,835,0.0146,0
C000442,2024-11-27,TRAIN,DE,WEB,F,43,EMPLOYED,6041,0.2135,0.5657,0,false,116,582,1-9,PAID_SEARCH,standard application,810,0.0748,1
C000443,2024-11-27,TRAIN,NL,PARTNER,M,27,EMPLOYED,7095,0.2242,0.5622,0,false,13,670,250+,CRM,returning customer,798,0.0524,0
C000444,2024-11-28,TRAIN,SE,APP,M,42,SELF_EMPLOYED,8096,0.1740,0.3626,1,false,53,573,1-9,ORGANIC,standard application,753,0.0861,0
C000445,2024-11-29,TRAIN,PL,WEB,M,55,EMPLOYED,8624,0.0200,0.5074,0,true,86,622,1-9,CRM,standard application,828,0.0273,0
C000446,2024-11-30,TRAIN,DE,STORE,M,18,RETIRED,8419,0.2421,0.1760,0,false,1,647,,PAID_SEARCH,standard application,796,0.0289,0
C000447,2024-11-30,TRAIN,PL,WEB,F,32,EMPLOYED,4152,0.0200,0.1395,0,true,85,670,250+,,standard application,795,0.0158,0
C000448,2024-12-01,TRAIN,PL,APP,M,32,EMPLOYED,5710,0.2355,0.2914,0,false,44,633,50-249,ORGANIC,,826,0.0386,0
C000449,2024-12-02,TRAIN,DE,APP,M,36,EMPLOYED,7585,0.1690,0.1045,0,false,7,694,250+,,manual review requested,797,0.0137,0
C000450,2024-12-03,TRAIN,NL,WEB,M,51,EMPLOYED,8593,0.3816,0.4922,0,true,96,644,10-49,DIRECT,returning customer,775,0.0507,0
C000451,2024-12-03,TRAIN,PL,WEB,F,46,STUDENT,5321,0.2275,0.5159,0,true,22,792,,,standard application,798,0.0266,0
C000452,2024-12-04,TRAIN,PL,WEB,M,38,EMPLOYED,5283,0.2949,0.1869,1,true,23,666,,DIRECT,returning customer,797,0.0551,0
C000453,2024-12-05,TRAIN,DE,WEB,F,19,EMPLOYED,7826,0.3248,0.5255,0,false,3,681,10-49,,standard application,764,0.0588,0
C000454,2024-12-06,TRAIN,PL,WEB,M,24,SELF_EMPLOYED,11084,0.2357,0.4372,0,false,9,,1-9,,standard application,812,0.0414,0
C000455,2024-12-06,TRAIN,PL,APP,M,29,EMPLOYED,10997,0.0728,0.1734,0,false,0,703,10-49,,,821,0.0111,0
C000456,2024-12-07,TRAIN,SE,APP,M,45,EMPLOYED,7963,0.0752,0.3600,0,false,56,664,10-49,ORGANIC,standard application,802,0.0204,0
C000457,2024-12-08,TRAIN,PL,WEB,F,29,EMPLOYED,6049,0.0200,0.2120,0,false,22,709,50-249,PAID_SEARCH,standard application,843,0.0137,0
C000458,2024-12-09,TRAIN,PL,WEB,M,42,EMPLOYED,5776,0.2672,0.1518,0,true,46,604,1-9,DIRECT,manual review requested,779,0.0324,0
C000459,2024-12-09,TRAIN,DE,APP,F,46,SELF_EMPLOYED,9143,0.2428,0.4042,1,false,70,627,1-9,ORGANIC,standard application,769,0.0719,0
C000460,2024-12-10,TRAIN,PL,WEB,M,56,EMPLOYED,11603,0.2408,0.7579,0,true,57,625,250+,CRM,returning customer,793,0.0592,0
C000461,2024-12-11,TRAIN,DE,STORE,F,39,EMPLOYED,5552,0.3225,0.3276,0,false,46,653,50-249,PAID_SEARCH,standard application,800,0.0411,0
C000462,2024-12-12,TRAIN,NL,APP,F,36,EMPLOYED,4798,0.2919,0.0715,0,false,32,698,50-249,ORGANIC,standard application,828,0.0188,0
C000463,2024-12-12,TRAIN,SE,APP,M,30,EMPLOYED,8979,0.0957,0.3010,0,true,30,807,250+,PAID_SEARCH,standard application,837,0.0091,0
C000464,2024-12-13,TRAIN,PL,APP,M,70,EMPLOYED,7162,0.0840,0.1866,0,true,55,635,10-49,AFFILIATE,standard application,792,0.0133,0
C000465,2024-12-14,TRAIN,PL,STORE,F,43,EMPLOYED,9326,0.2920,0.3566,0,true,52,639,10-49,PAID_SEARCH,,821,0.0348,0
C000466,2024-12-15,TRAIN,SE,APP,F,55,STUDENT,4314,0.1718,0.5352,0,true,147,668,,AFFILIATE,standard application,752,0.0482,0
C000467,2024-12-15,TRAIN,NL,WEB,M,44,EMPLOYED,4699,0.2882,0.3232,0,true,31,665,10-49,PAID_SEARCH,standard application,810,0.0350,0
C000468,2024-12-16,TRAIN,PL,PARTNER,M,18,EMPLOYED,5795,0.1729,0.6261,0,false,53,,50-249,ORGANIC,standard application,810,0.0755,0
C000469,2024-12-17,TRAIN,NL,WEB,F,46,EMPLOYED,6525,0.1361,0.3015,0,false,0,630,10-49,ORGANIC,returning customer,799,0.0267,0
C000470,2024-12-18,TRAIN,SE,APP,M,43,EMPLOYED,5955,0.3393,0.3969,0,false,96,554,50-249,AFFILIATE,,754,0.0800,0
C000471,2024-12-18,TRAIN,PL,APP,F,44,EMPLOYED,5113,0.2813,0.1624,0,false,69,671,50-249,DIRECT,standard application,803,0.0233,0
C000472,2024-12-19,TRAIN,PL,APP,F,26,UNEMPLOYED,1500,0.1456,0.1118,0,false,55,722,,ORGANIC,standard application,816,0.0403,0
C000473,2024-12-20,TRAIN,DE,APP,M,48,RETIRED,7898,0.2810,0.3309,0,true,35,769,,PAID_SEARCH,standard application,807,0.0153,0
C000474,2024-12-21,TRAIN,NL,APP,M,32,SELF_EMPLOYED,6748,0.3738,0.3516,0,true,0,654,1-9,CRM,returning customer,798,0.0484,0
C000475,2024-12-21,TRAIN,DE,WEB,F,33,STUDENT,809,0.3439,0.1084,1,false,102,634,,CRM,returning customer,816,0.1035,0
C000476,2024-12-22,TRAIN,PL,APP,M,42,EMPLOYED,6894,0.1188,0.0000,0,false,17,743,50-249,ORGANIC,standard application,792,0.0072,0
C000477,2024-12-23,TRAIN,DE,APP,M,56,SELF_EMPLOYED,9560,0.2107,0.3855,0,false,97,671,1-9,CRM,returning customer,802,0.0220,0
C000478,2024-12-24,TRAIN,DE,APP,M,46,STUDENT,1101,0.2046,0.4399,0,true,86,656,,DIRECT,standard application,804,0.0593,0
C000479,2024-12-24,TRAIN,PL,WEB,F,36,EMPLOYED,4218,0.3080,0.2696,0,false,38,639,50-249,ORGANIC,standard application,821,0.0426,0
C000480,2024-12-25,TRAIN,SE,WEB,M,38,UNEMPLOYED,1693,0.1697,0.5860,0,true,50,658,,DIRECT,returning customer,729,0.1334,0
C000481,2024-12-26,TRAIN,PL,WEB,M,45,EMPLOYED,2551,0.0200,0.2479,0,false,62,710,10-49,CRM,returning customer,824,0.0147,0
C000482,2024-12-27,TRAIN,PL,APP,M,51,EMPLOYED,9196,0.5001,0.3143,0,true,35,763,50-249,ORGANIC,standard application,823,0.0217,0
C000483,2024-12-27,TRAIN,DE,APP,M,22,SELF_EMPLOYED,7442,0.2303,0.3014,1,false,67,665,1-9,ORGANIC,standard application,801,0.0659,0
C000484,2024-12-28,TRAIN,SE,WEB,M,39,SELF_EMPLOYED,7406,0.4122,0.6432,1,true,58,633,10-49,ORGANIC,income verification pending,717,0.1758,0
C000485,2024-12-29,TRAIN,SE,WEB,F,28,EMPLOYED,,0.0200,0.5470,0,false,24,658,50-249,CRM,standard application,798,0.0395,0
C000486,2024-12-30,TRAIN,PL,WEB,M,34,EMPLOYED,6236,0.4704,0.3195,0,false,60,680,50-249,PAID_SEARCH,standard application,790,0.0476,0
C000487,2024-12-30,TRAIN,SE,WEB,F,33,EMPLOYED,8073,0.1834,0.6661,1,true,66,684,250+,ORGANIC,manual review requested,772,0.0956,0
C000488,2024-12-31,TRAIN,DE,APP,M,41,EMPLOYED,4004,0.2338,0.0026,0,false,50,670,10-49,AFFILIATE,standard application,821,0.0167,0
C000489,2025-01-01,TRAIN,PL,APP,M,39,EMPLOYED,5381,0.0200,0.0000,0,false,50,749,250+,ORGANIC,standard application,777,0.0063,0
C000490,2025-01-02,TRAIN,DE,APP,X,32,EMPLOYED,4647,0.2235,0.4310,0,false,89,766,10-49,AFFILIATE,returning customer,835,0.0246,0
C000491,2025-01-02,TRAIN,PL,APP,M,37,EMPLOYED,8344,0.2287,0.3651,0,false,44,710,50-249,CRM,standard application,815,0.0233,0
C000492,2025-01-03,TRAIN,PL,APP,F,45,EMPLOYED,8981,0.1660,0.1555,0,true,82,681,250+,AFFILIATE,income verification pending,805,0.0137,0
C000493,2025-01-04,TRAIN,DE,APP,M,32,STUDENT,1449,0.1944,0.4984,0,false,47,625,,PAID_SEARCH,standard application,777,0.0892,0
C000494,2025-01-05,TRAIN,DE,APP,M,36,EMPLOYED,8085,0.0534,0.6506,0,false,4,615,250+,ORGANIC,returning customer,774,0.0524,0
C000495,2025-01-05,TRAIN,PL,WEB,M,33,EMPLOYED,6576,0.1169,0.3253,0,false,46,669,50-249,ORGANIC,standard application,853,0.0249,0
C000496,2025-01-06,TRAIN,PL,WEB,M,40,EMPLOYED,7847,0.0704,0.3472,1,false,121,603,50-249,AFFILIATE,,788,0.0598,0
C000497,2025-01-07,TRAIN,NL,PARTNER,F,43,EMPLOYED,7359,0.1066,0.5427,0,true,15,696,250+,DIRECT,manual review requested,842,0.0280,0
C000498,2025-01-08,TRAIN,NL,STORE,F,64,EMPLOYED,6564,0.3305,0.2494,0,true,123,524,50-249,ORGANIC,,789,0.0530,0
C000499,2025-01-08,TRAIN,DE,PARTNER,M,32,RETIRED,5852,0.1872,0.1496,0,false,67,741,,AFFILIATE,standard application,845,0.0137,0
C000500,2025-01-09,TRAIN,PL,WEB,M,51,EMPLOYED,7691,0.2632,0.6853,0,true,17,673,250+,CRM,standard application,779,0.0528,0
C000501,2025-01-10,TRAIN,DE,WEB,F,47,SELF_EMPLOYED,10383,0.4377,0.7133,0,false,12,614,1-9,DIRECT,standard application,772,0.0992,0
C000502,2025-01-11,TRAIN,PL,WEB,F,42,EMPLOYED,9062,0.1320,0.6337,0,false,56,662,10-49,DIRECT,standard application,830,0.0401,0
C000503,2025-01-11,TRAIN,DE,APP,M,63,SELF_EMPLOYED,8624,0.3679,0.7243,1,true,87,552,1-9,ORGANIC,,680,0.2087,0
C000504,2025-01-12,TRAIN,DE,APP,F,31,EMPLOYED,7378,0.1496,0.7947,0,false,0,673,10-49,ORGANIC,returning customer,792,0.0670,0
C000505,2025-01-13,TRAIN,SE,WEB,M,38,UNEMPLOYED,800,0.2374,0.2423,0,false,24,665,,DIRECT,manual review requested,754,0.0787,0
C000506,2025-01-14,TRAIN,PL,APP,M,34,EMPLOYED,6770,0.1761,0.1920,0,true,71,620,10-49,PAID_SEARCH,returning customer,800,0.0277,0
C000507,2025-01-14,TRAIN,PL,APP,M,41,SELF_EMPLOYED,6858,0.3567,0.2599,0,true,11,658,1-9,ORGANIC,,810,0.0339,0
C000508,2025-01-15,TRAIN,NL,WEB,F,23,SELF_EMPLOYED,6327,0.0620,0.2379,0,false,6,681,1-9,ORGANIC,standard application,826,0.0197,0
C000509,2025-01-16,TRAIN,PL,STORE,F,38,EMPLOYED,4526,0.2485,0.5225,0,true,20,576,250+,PAID_SEARCH,standard application,793,0.0866,0
C000510,2025-01-17,TRAIN,NL,STORE,M,47,EMPLOYED,6240,0.1057,0.4609,0,true,0,590,10-49,ORGANIC,income verification pending,803,0.0442,0
C000511,2025-01-17,TRAIN,PL,WEB,F,34,EMPLOYED,7156,0.2910,0.7210,0,true,125,600,10-49,ORGANIC,standard application,762,0.1110,0
C000512,2025-01-18,TRAIN,SE,PARTNER,M,54,EMPLOYED,9159,0.3829,0.0000,0,false,67,705,250+,ORGANIC,returning customer,820,0.0119,0
C000513,2025-01-19,TRAIN,PL,WEB,F,58,EMPLOYED,9145,0.1669,0.3167,0,false,105,678,1-9,PAID_SEARCH,standard application,837,0.0167,0
C000514,2025-01-20,TRAIN,PL,STORE,F,34,SELF_EMPLOYED,10031,0.3170,0.5452,0,false,0,609,1-9,AFFILIATE,,750,0.0681,0
C000515,2025-01-20,TRAIN,SE,APP,F,39,SELF_EMPLOYED,7685,0.3045,0.2835,0,true,88,772,1-9,AFFILIATE,,815,0.0161,0
C000516,2025-01-21,TRAIN,PL,WEB,M,41,EMPLOYED,3305,0.4006,0.0000,0,false,38,675,10-49,DIRECT,standard application,809,0.0236,0
C000517,2025-01-22,TRAIN,PL,WEB,M,26,EMPLOYED,6546,0.0200,0.2576,0,true,37,631,1-9,CRM,returning customer,798,0.0241,0
C000518,2025-01-23,TRAIN,PL,APP,F,58,SELF_EMPLOYED,9422,0.2095,0.3204,0,false,55,685,1-9,PAID_SEARCH,standard application,821,0.0174,0
C000519,2025-01-23,TRAIN,DE,APP,F,40,EMPLOYED,6708,0.0635,0.3164,0,true,29,554,50-249,CRM,standard application,792,0.0392,0
C000520,2025-01-24,TRAIN,DE,WEB,M,42,EMPLOYED,5558,0.3459,0.3552,1,true,25,665,250+,AFFILIATE,standard application,750,0.0809,0
C000521,2025-01-25,TRAIN,PL,WEB,M,49,EMPLOYED,7972,0.0200,0.1410,0,false,14,654,250+,PAID_SEARCH,,809,0.0116,0
C000522,2025-01-26,TRAIN,DE,APP,F,40,EMPLOYED,4922,0.3113,0.4238,0,true,34,689,50-249,AFFILIATE,,784,0.0407,0
C000523,2025-01-26,TRAIN,SE,PARTNER,F,43,UNEMPLOYED,6060,0.0231,0.6652,0,false,27,767,,,standard application,768,0.0491,0
C000524,2025-01-27,TRAIN,DE,WEB,M,31,EMPLOYED,9063,0.1974,0.6530,0,false,7,669,250+,AFFILIATE,,801,0.0519,0
C000525,2025-01-28,TRAIN,PL,WEB,F,63,EMPLOYED,6825,0.0689,0.3528,0,true,69,615,1-9,ORGANIC,standard application,766,0.0228,0
C000526,2025-01-29,TRAIN,PL,STORE,M,45,EMPLOYED,6002,0.1255,0.4726,0,false,78,711,50-249,ORGANIC,standard application,837,0.0242,0
C000527,2025-01-29,TRAIN,PL,APP,M,49,EMPLOYED,3661,0.2343,0.1846,0,false,47,564,10-49,AFFILIATE,,798,0.0421,0
C000528,2025-01-30,TRAIN,SE,APP,M,37,EMPLOYED,7916,0.3468,0.3255,0,false,30,715,50-249,PAID_SEARCH,standard application,783,0.0271,0
C000529,2025-01-31,TRAIN,NL,WEB,F,48,EMPLOYED,6222,0.3269,0.3275,0,true,84,662,250+,,income verification pending,808,0.0342,0
C000530,2025-02-01,TRAIN,PL,WEB,M,38,EMPLOYED,6462,0.2813,0.6728,0,true,97,717,50-249,PAID_SEARCH,income verification pending,799,0.0514,0
C000531,2025-02-01,TRAIN,PL,APP,M,38,EMPLOYED,5624,0.1542,0.0000,0,false,0,691,250+,ORGANIC,returning customer,830,0.0118,0
C000532,2025-02-02,TRAIN,PL,WEB,M,35,EMPLOYED,7872,0.0805,0.0397,0,true,48,826,50-249,DIRECT,income verification pending,827,0.0045,0
C000533,2025-02-03,TRAIN,PL,WEB,F,23,EMPLOYED,6037,0.2189,0.0185,0,false,42,,10-49,CRM,standard application,814,0.0221,0
C000534,2025-02-04,TRAIN,DE,STORE,M,43,EMPLOYED,7125,0.1008,0.4880,0,true,58,552,50-249,ORGANIC,,789,0.0574,0
C000535,2025-02-04,TRAIN,PL,WEB,F,21,EMPLOYED,4940,0.2414,0.3362,0,true,0,783,50-249,CRM,returning customer,852,0.0212,0
C000536,2025-02-05,TRAIN,DE,WEB,F,35,EMPLOYED,3571,0.1595,0.6382,0,true,65,615,50-249,ORGANIC,,764,0.0802,0
C000537,2025-02-06,TRAIN,PL,WEB,M,18,EMPLOYED,8565,0.2668,0.2446,1,false,0,588,10-49,DIRECT,manual review requested,769,0.0954,0
C000538,2025-02-07,TRAIN,PL,WEB,F,35,UNEMPLOYED,800,0.0200,0.2788,0,false,65,754,,ORGANIC,,824,0.0343,0
C000539,2025-02-07,TRAIN,DE,STORE,F,33,EMPLOYED,7320,0.3377,0.6511,0,true,0,720,10-49,PAID_SEARCH,standard application,781,0.0547,0
C000540,2025-02-08,TRAIN,PL,WEB,F,34,UNEMPLOYED,800,0.1787,0.4741,0,false,34,633,,DIRECT,,745,0.1364,0
C000541,2025-02-09,TRAIN,NL,PARTNER,M,18,SELF_EMPLOYED,10528,0.1117,0.2602,0,true,16,626,1-9,ORGANIC,standard application,816,0.0267,0
C000542,2025-02-10,TRAIN,PL,WEB,M,31,EMPLOYED,8042,0.0200,0.6425,0,true,21,692,50-249,PAID_SEARCH,manual review requested,828,0.0328,0
C000543,2025-02-10,TRAIN,PL,APP,F,43,STUDENT,5543,0.2905,0.0000,1,false,34,506,,,standard application,791,0.1075,0
C000544,2025-02-11,TRAIN,PL,WEB,F,40,RETIRED,6541,0.2300,0.2925,0,false,30,676,,CRM,standard application,838,0.0260,0
C000545,2025-02-12,TRAIN,PL,STORE,M,28,EMPLOYED,6178,0.3114,0.2382,0,false,51,647,10-49,ORGANIC,returning customer,805,0.0380,0
C000546,2025-02-13,TRAIN,DE,WEB,F,19,STUDENT,4917,0.3478,0.3544,0,true,14,592,,ORGANIC,returning customer,759,0.1045,1
C000547,2025-02-13,TRAIN,DE,WEB,M,64,SELF_EMPLOYED,8193,0.4752,0.7797,0,false,78,593,1-9,PAID_SEARCH,standard application,708,0.1254,0
C000548,2025-02-14,TRAIN,PL,PARTNER,F,29,EMPLOYED,2891,0.0956,0.2015,2,false,90,629,10-49,ORGANIC,standard application,759,0.1144,0
C000549,2025-02-15,TRAIN,PL,WEB,M,57,EMPLOYED,6700,0.1176,0.9085,0,true,14,688,1-9,DIRECT,standard application,772,0.0562,0
C000550,2025-02-16,TRAIN,DE,PARTNER,F,43,STUDENT,4919,0.2792,0.6076,0,false,60,577,,ORGANIC,,739,0.1250,0
C000551,2025-02-16,TRAIN,DE,WEB,F,37,SELF_EMPLOYED,,0.2620,0.4595,1,false,53,628,1-9,ORGANIC,income verification pending,775,0.1111,0
C000552,2025-02-17,TRAIN,PL,WEB,F,46,STUDENT,5117,0.1971,0.3504,0,false,93,676,,ORGANIC,,788,0.0352,0
C000553,2025-02-18,TRAIN,DE,WEB,F,56,EMPLOYED,9165,0.3995,0.2183,1,true,38,646,10-49,AFFILIATE,,767,0.0540,0
C000554,2025-02-19,TRAIN,SE,STORE,M,52,EMPLOYED,4268,0.1682,0.3875,0,false,111,649,,CRM,standard application,839,0.0321,0
C000555,2025-02-19,TRAIN,PL,WEB,F,44,UNEMPLOYED,3438,0.1767,0.3734,1,true,44,529,,PAID_SEARCH,income verification pending,668,0.2715,0
C000556,2025-02-20,TRAIN,PL,PARTNER,M,18,STUDENT,1151,0.1594,0.4005,0,false,0,,,ORGANIC,income verification pending,783,0.0749,0
C000557,2025-02-21,TRAIN,SE,STORE,F,38,EMPLOYED,7871,0.1879,0.8111,0,true,33,628,50-249,PAID_SEARCH,manual review requested,797,0.0864,0
C000558,2025-02-22,TRAIN,PL,WEB,F,36,EMPLOYED,5349,0.2911,0.0938,0,false,97,596,50-249,ORGANIC,income verification pending,799,0.0346,0
C000559,2025-02-22,TRAIN,PL,WEB,F,45,RETIRED,5646,0.2440,0.6079,1,true,60,578,,PAID_SEARCH,standard application,703,0.1653,0
C000560,2025-02-23,TRAIN,PL,WEB,F,35,EMPLOYED,8114,0.3226,0.1903,1,false,26,605,250+,DIRECT,standard application,783,0.0738,0
C000561,2025-02-24,TRAIN,PL,PARTNER,M,32,EMPLOYED,6189,0.0227,0.4880,2,true,25,637,250+,DIRECT,standard application,771,0.1359,0
C000562,2025-02-25,TRAIN,SE,APP,F,49,EMPLOYED,6052,0.1478,0.5760,0,false,68,681,1-9,ORGANIC,returning customer,796,0.0356,0
C000563,2025-02-25,TRAIN,PL,APP,F,50,RETIRED,4937,0.4631,0.3610,0,true,62,658,,DIRECT,returning customer,781,0.0516,0
C000564,2025-02-26,TRAIN,DE,PARTNER,F,35,RETIRED,6109,0.2759,0.2735,0,true,63,679,,ORGANIC,standard application,803,0.0292,0
C000565,2025-02-27,TRAIN,PL,WEB,M,18,EMPLOYED,6379,0.1226,0.5173,0,false,12,,10-49,DIRECT,standard application,809,0.0533,0
C000566,2025-02-28,TRAIN,NL,WEB,M,44,SELF_EMPLOYED,10171,0.2897,0.0759,0,true,47,655,1-9,CRM,,837,0.0165,0
C000567,2025-02-28,TRAIN,PL,APP,M,18,EMPLOYED,6404,0.0200,0.3602,0,false,36,626,10-49,AFFILIATE,,805,0.0340,0
C000568,2025-03-01,TRAIN,DE,WEB,F,58,SELF_EMPLOYED,6301,0.0583,0.1730,0,true,43,603,1-9,PAID_SEARCH,standard application,799,0.0179,0
C000569,2025-03-02,TRAIN,PL,APP,M,27,EMPLOYED,9359,0.1488,0.7533,0,false,0,614,1-9,PAID_SEARCH,,782,0.0808,0
C000570,2025-03-03,TRAIN,PL,APP,F,19,EMPLOYED,6931,0.1188,0.2549,0,false,0,731,250+,ORGANIC,standard application,802,0.0173,0
C000571,2025-03-03,TRAIN,PL,WEB,M,44,SELF_EMPLOYED,9899,0.1672,0.6607,0,true,84,680,1-9,PAID_SEARCH,standard application,777,0.0384,0
C000572,2025-03-04,TRAIN,NL,APP,M,61,EMPLOYED,8966,0.2081,0.3967,0,false,136,701,50-249,DIRECT,,827,0.0183,0
C000573,2025-03-05,TRAIN,NL,WEB,F,48,EMPLOYED,7785,0.1741,0.1419,0,true,26,591,10-49,ORGANIC,returning customer,793,0.0237,0
C000574,2025-03-06,TRAIN,NL,WEB,M,31,UNEMPLOYED,1439,0.1631,0.1739,0,false,18,537,,ORGANIC,standard application,755,0.1249,0
C000575,2025-03-06,TRAIN,PL,APP,M,43,EMPLOYED,4543,0.2668,0.4329,0,true,44,,1-9,PAID_SEARCH,standard application,776,0.0495,0
C000576,2025-03-07,TRAIN,DE,APP,M,26,EMPLOYED,6647,0.0200,0.4276,1,false,0,578,250+,,standard application,753,0.0908,0
C000577,2025-03-08,TRAIN,DE,APP,M,37,UNEMPLOYED,1885,0.0804,0.3579,0,false,47,,,AFFILIATE,standard application,808,0.0802,1
C000578,2025-03-09,TRAIN,PL,APP,F,18,EMPLOYED,9367,0.0200,0.3540,1,false,0,,250+,PAID_SEARCH,standard application,779,0.0527,0
C000579,2025-03-09,TRAIN,PL,WEB,M,21,EMPLOYED,7023,0.0200,0.8668,0,false,66,643,10-49,ORGANIC,standard application,794,0.0809,0
C000580,2025-03-10,TRAIN,PL,WEB,F,26,EMPLOYED,5470,0.3187,0.2821,1,false,64,685,1-9,ORGANIC,standard application,796,0.0713,0
C000581,2025-03-11,TRAIN,DE,APP,M,34,EMPLOYED,7930,0.0685,0.6403,0,true,46,667,10-49,PAID_SEARCH,returning customer,781,0.0405,0
C000582,2025-03-12,TRAIN,PL,APP,M,43,SELF_EMPLOYED,13812,0.3589,0.4630,1,true,67,677,1-9,AFFILIATE,returning customer,831,0.0625,0
C000583,2025-03-12,TRAIN,PL,WEB,F,44,EMPLOYED,7948,0.3154,0.1177,0,true,54,677,50-249,CRM,manual review requested,776,0.0189,0
C000584,2025-03-13,TRAIN,NL,APP,M,27,EMPLOYED,7032,0.1561,0.4065,0,false,0,719,50-249,DIRECT,,810,0.0250,0
C000585,2025-03-14,TRAIN,NL,APP,F,57,EMPLOYED,7456,0.3531,0.6594,0,true,30,515,50-249,PAID_SEARCH,standard application,755,0.1341,0
C000586,2025-03-15,TRAIN,PL,APP,F,46,EMPLOYED,4593,0.2427,0.3574,0,false,87,756,1-9,ORGANIC,standard application,825,0.0198,0
C000587,2025-03-15,TRAIN,SE,APP,M,45,EMPLOYED,7537,0.3070,0.8474,0,false,99,678,250+,ORGANIC,standard application,775,0.0835,0
C000588,2025-03-16,TRAIN,PL,WEB,F,39,EMPLOYED,9337,0.2343,0.4354,0,false,91,675,1-9,PAID_SEARCH,standard application,777,0.0310,0
C000589,2025-03-17,TRAIN,PL,WEB,F,57,EMPLOYED,6036,0.1699,0.3991,0,false,81,677,250+,PAID_SEARCH,standard application,785,0.0241,0
C000590,2025-03-18,TRAIN,DE,STORE,F,51,EMPLOYED,5734,0.1204,0.2562,1,false,49,708,10-49,DIRECT,standard application,820,0.0296,0
C000591,2025-03-18,TRAIN,PL,APP,F,18,EMPLOYED,4645,0.4267,0.2894,0,false,49,,10-49,DIRECT,standard application,822,0.0670,0
C000592,2025-03-19,TRAIN,PL,APP,M,42,SELF_EMPLOYED,7610,0.1914,0.7681,0,false,79,797,10-49,CRM,,764,0.0296,0
C000593,2025-03-20,TRAIN,SE,APP,M,54,EMPLOYED,4692,0.4647,0.5133,0,true,90,601,1-9,DIRECT,manual review requested,777,0.0934,0
C000594,2025-03-21,TRAIN,DE,APP,F,27,EMPLOYED,8313,0.2727,0.2464,0,true,21,701,250+,ORGANIC,standard application,810,0.0235,0
C000595,2025-03-21,TRAIN,PL,APP,M,33,EMPLOYED,6094,0.2804,0.2858,0,false,38,543,250+,ORGANIC,manual review requested,787,0.0675,0
C000596,2025-03-22,TRAIN,DE,WEB,F,50,EMPLOYED,6746,0.0443,0.4337,0,true,86,682,10-49,ORGANIC,standard application,800,0.0203,0
C000597,2025-03-23,TRAIN,PL,APP,F,18,RETIRED,6011,0.1734,0.4978,0,false,32,663,,ORGANIC,,779,0.0507,0
C000598,2025-03-24,TRAIN,DE,APP,M,34,EMPLOYED,5387,0.3099,0.3539,1,true,25,633,1-9,ORGANIC,,786,0.0988,0
C000599,2025-03-24,TRAIN,SE,PARTNER,F,45,EMPLOYED,9336,0.2375,0.5301,0,false,25,536,50-249,ORGANIC,,778,0.0779,0
C000600,2025-03-25,TRAIN,PL,WEB,M,27,SELF_EMPLOYED,9844,0.2554,0.0893,0,false,24,705,1-9,DIRECT,returning customer,824,0.0147,0
C000601,2025-03-26,TRAIN,PL,APP,F,42,EMPLOYED,5677,0.1431,0.1837,0,false,65,668,1-9,CRM,returning customer,804,0.0185,0
C000602,2025-03-27,TRAIN,PL,WEB,F,18,EMPLOYED,8343,0.0200,0.4722,0,false,32,727,1-9,ORGANIC,standard application,816,0.0215,0
C000603,2025-03-27,TRAIN,PL,STORE,F,55,SELF_EMPLOYED,9797,0.0200,0.7712,0,true,88,679,10-49,ORGANIC,standard application,805,0.0319,0
C000604,2025-03-28,TRAIN,PL,APP,M,30,EMPLOYED,8759,0.2214,0.2811,1,false,43,740,10-49,PAID_SEARCH,,803,0.0345,1
C000605,2025-03-29,TRAIN,PL,WEB,M,55,SELF_EMPLOYED,8757,0.0626,0.1705,0,false,90,731,1-9,PAID_SEARCH,,829,0.0076,0
C000606,2025-03-30,TRAIN,PL,APP,M,33,EMPLOYED,8789,0.4843,0.5390,0,false,2,626,50-249,PAID_SEARCH,standard application,767,0.0912,0
C000607,2025-03-30,TRAIN,SE,APP,M,45,EMPLOYED,8045,0.1433,0.2717,0,false,57,699,50-249,DIRECT,standard application,807,0.0158,0
C000608,2025-03-31,TRAIN,PL,PARTNER,M,44,EMPLOYED,7088,0.3201,0.6632,0,true,65,652,10-49,PAID_SEARCH,standard application,764,0.0710,0
C000609,2025-04-01,TRAIN,NL,WEB,M,34,EMPLOYED,8432,0.4514,0.6365,0,false,78,638,1-9,ORGANIC,standard application,755,0.0977,0
C000610,2025-04-02,TRAIN,NL,APP,M,51,EMPLOYED,6113,0.4173,0.5908,0,true,19,629,10-49,PAID_SEARCH,standard application,763,0.0820,0
C000611,2025-04-02,TRAIN,NL,WEB,M,58,EMPLOYED,5995,0.2485,0.0000,0,true,88,664,50-249,PAID_SEARCH,standard application,804,0.0130,0
C000612,2025-04-03,TRAIN,SE,PARTNER,M,18,EMPLOYED,7135,0.2570,0.0000,0,false,25,635,10-49,CRM,standard application,801,0.0237,0
C000613,2025-04-04,TRAIN,SE,WEB,M,46,EMPLOYED,7157,0.1245,0.4134,0,true,1,804,10-49,ORGANIC,manual review requested,826,0.0114,0
C000614,2025-04-05,TRAIN,PL,APP,M,46,EMPLOYED,6290,0.2841,0.3777,0,false,33,515,50-249,DIRECT,returning customer,797,0.0817,0
C000615,2025-04-05,TRAIN,DE,APP,M,41,SELF_EMPLOYED,7760,0.3096,0.5285,0,false,18,727,1-9,ORGANIC,standard application,817,0.0344,0
C000616,2025-04-06,TRAIN,SE,STORE,M,34,EMPLOYED,4714,0.0886,0.0294,1,false,16,636,10-49,ORGANIC,standard application,825,0.0338,0
C000617,2025-04-07,TRAIN,PL,STORE,M,23,STUDENT,2337,0.1960,0.5731,0,false,93,635,,DIRECT,,796,0.1033,1
C000618,2025-04-08,TRAIN,DE,APP,F,32,EMPLOYED,11873,0.2276,0.7277,0,false,20,642,50-249,CRM,standard application,747,0.0638,0
C000619,2025-04-08,TRAIN,PL,WEB,F,33,EMPLOYED,9107,0.3383,0.0048,0,true,27,617,,PAID_SEARCH,standard application,830,0.0237,0
C000620,2025-04-09,TRAIN,NL,APP,M,37,SELF_EMPLOYED,10086,0.1460,0.3409,0,false,49,647,,AFFILIATE,,784,0.0246,0
C000621,2025-04-10,TRAIN,DE,WEB,F,43,EMPLOYED,8604,0.1762,0.5756,0,false,75,623,50-249,CRM,standard application,814,0.0493,0
C000622,2025-04-11,TRAIN,SE,APP,F,48,EMPLOYED,4666,0.1439,0.6318,1,true,0,640,10-49,,standard application,739,0.1060,0
C000623,2025-04-11,TRAIN,PL,APP,F,53,EMPLOYED,7437,0.2598,0.4892,0,false,80,554,50-249,ORGANIC,manual review requested,810,0.0684,0
C000624,2025-04-12,TRAIN,SE,APP,X,29,EMPLOYED,6641,0.0200,0.2094,1,true,30,596,1-9,PAID_SEARCH,standard application,785,0.0513,0
C000625,2025-04-13,TRAIN,NL,APP,F,26,EMPLOYED,9961,0.2171,0.0671,0,false,8,701,250+,PAID_SEARCH,standard application,795,0.0133,0
C000626,2025-04-14,TRAIN,PL,APP,M,41,EMPLOYED,2773,0.2309,0.7166,1,true,29,593,250+,ORGANIC,standard application,719,0.2147,0
C000627,2025-04-14,TRAIN,PL,WEB,F,51,EMPLOYED,12802,0.1363,0.3028,0,true,86,688,50-249,CRM,standard application,811,0.0128,0
C000628,2025-04-15,TRAIN,SE,STORE,M,21,EMPLOYED,7111,0.1623,0.5448,0,false,43,602,10-49,ORGANIC,standard application,779,0.0703,0
C000629,2025-04-16,TRAIN,PL,PARTNER,M,42,SELF_EMPLOYED,12161,0.2739,0.2575,1,true,51,633,1-9,ORGANIC,returning customer,773,0.0492,0
C000630,2025-04-17,TRAIN,PL,PARTNER,M,27,EMPLOYED,4479,0.3033,0.0000,1,true,86,604,250+,CRM,returning customer,797,0.0643,1
C000631,2025-04-17,TRAIN,DE,PARTNER,M,45,EMPLOYED,4380,0.1561,0.5755,0,true,82,656,50-249,ORGANIC,,807,0.0478,0
C000632,2025-04-18,TRAIN,PL,APP,M,26,EMPLOYED,7362,0.1666,0.9644,0,true,14,658,250+,PAID_SEARCH,standard application,756,0.1109,1
C000633,2025-04-19,TRAIN,PL,WEB,F,55,EMPLOYED,9632,0.1235,0.1698,0,false,58,681,250+,DIRECT,standard application,827,0.0111,0
C000634,2025-04-20,TRAIN,DE,APP,M,40,RETIRED,4915,0.3702,0.3313,0,false,80,646,,AFFILIATE,returning customer,813,0.0485,0
C000635,2025-04-20,TRAIN,DE,WEB,M,51,RETIRED,5876,0.3752,0.6926,0,false,76,608,,CRM,standard application,775,0.1047,0
C000636,2025-04-21,TRAIN,PL,PARTNER,M,22,STUDENT,3529,0.3187,0.8765,0,false,19,641,,ORGANIC,standard application,704,0.2074,0
C000637,2025-04-22,TRAIN,NL,APP,M,41,UNEMPLOYED,3356,0.1658,0.0843,0,true,37,620,,DIRECT,standard application,756,0.0543,0
C000638,2025-04-23,TRAIN,NL,APP,F,47,EMPLOYED,6700,0.2173,0.4947,0,false,113,619,250+,AFFILIATE,,761,0.0490,0
C000639,2025-04-23,TRAIN,PL,WEB,F,18,EMPLOYED,5743,0.0679,0.1440,0,true,8,,50-249,DIRECT,,798,0.0228,0
C000640,2025-04-24,TRAIN,SE,STORE,F,32,EMPLOYED,5133,0.1470,0.6992,0,true,45,629,250+,AFFILIATE,standard application,816,0.0781,0
C000641,2025-04-25,TRAIN,SE,WEB,M,41,STUDENT,5295,0.1625,0.3421,0,true,2,601,,PAID_SEARCH,standard application,799,0.0520,0
C000642,2025-04-26,TRAIN,PL,PARTNER,F,38,EMPLOYED,6218,0.2326,0.0926,0,true,53,686,250+,AFFILIATE,standard application,781,0.0168,0
C000643,2025-04-26,TRAIN,PL,APP,F,36,UNEMPLOYED,5073,0.2533,0.7206,0,false,48,581,,CRM,standard application,708,0.2487,0
C000644,2025-04-27,TRAIN,PL,STORE,F,58,EMPLOYED,6738,0.2410,0.3008,0,false,105,635,1-9,ORGANIC,,755,0.0276,0
C000645,2025-04-28,TRAIN,DE,PARTNER,M,18,EMPLOYED,6033,0.2923,0.4755,0,false,0,,50-249,ORGANIC,standard application,762,0.0697,0
C000646,2025-04-29,TRAIN,PL,WEB,M,56,EMPLOYED,4905,0.1074,0.6331,1,true,50,682,10-49,ORGANIC,standard application,764,0.0713,0
C000647,2025-04-29,TRAIN,PL,APP,M,33,EMPLOYED,7883,0.0200,0.2400,0,true,0,713,250+,PAID_SEARCH,standard application,810,0.0123,0
C000648,2025-04-30,TRAIN,DE,APP,M,41,EMPLOYED,8425,0.2642,0.6498,0,false,33,564,1-9,PAID_SEARCH,standard application,767,0.0973,0
C000649,2025-05-01,TRAIN,PL,PARTNER,F,18,SELF_EMPLOYED,9616,0.0640,0.3238,0,true,28,,10-49,ORGANIC,standard application,783,0.0267,0
C000650,2025-05-02,TRAIN,DE,APP,X,46,EMPLOYED,6339,0.2925,0.5001,0,true,14,731,50-249,CRM,standard application,802,0.0312,0
C000651,2025-05-02,TRAIN,DE,PARTNER,M,35,EMPLOYED,6526,0.2365,0.2931,0,true,46,653,1-9,AFFILIATE,returning customer,814,0.0320,0
C000652,2025-05-03,TRAIN,DE,WEB,M,39,EMPLOYED,8311,0.3096,0.3898,0,true,10,637,10-49,DIRECT,standard application,818,0.0432,1
C000653,2025-05-04,TRAIN,PL,APP,M,26,EMPLOYED,5534,0.1589,0.2776,0,false,15,686,50-249,ORGANIC,standard application,787,0.0255,0
C000654,2025-05-05,TRAIN,PL,PARTNER,F,44,EMPLOYED,8382,0.1020,0.2878,0,false,38,672,50-249,ORGANIC,income verification pending,792,0.0175,0
C000655,2025-05-05,TRAIN,DE,STORE,M,33,EMPLOYED,5632,0.1451,0.7457,0,true,7,579,,DIRECT,standard application,766,0.1080,0
C000656,2025-05-06,TRAIN,PL,WEB,F,34,EMPLOYED,4386,0.4370,0.3456,0,true,47,697,250+,ORGANIC,,796,0.0470,0
C000657,2025-05-07,TRAIN,PL,PARTNER,F,50,EMPLOYED,8604,0.2362,0.4889,0,true,78,747,50-249,CRM,standard application,791,0.0209,0
C000658,2025-05-08,TRAIN,PL,STORE,F,22,EMPLOYED,5131,0.1853,0.0000,0,true,0,650,250+,DIRECT,standard application,796,0.0199,1
C000659,2025-05-08,TRAIN,PL,APP,F,43,EMPLOYED,5344,0.0679,0.4280,1,true,70,638,10-49,ORGANIC,standard application,788,0.0633,0
C000660,2025-05-09,TRAIN,SE,WEB,F,41,EMPLOYED,6040,0.3064,0.8981,0,true,56,615,250+,ORGANIC,income verification pending,763,0.1443,1
C000661,2025-05-10,TRAIN,DE,APP,F,46,SELF_EMPLOYED,10474,0.2350,0.2834,0,true,63,699,10-49,DIRECT,,856,0.0170,0
C000662,2025-05-11,TRAIN,PL,WEB,F,30,EMPLOYED,8960,0.3683,0.3956,0,false,60,670,10-49,CRM,,827,0.0436,0
C000663,2025-05-11,TRAIN,PL,WEB,M,41,EMPLOYED,5395,0.3056,0.6514,1,false,58,514,10-49,ORGANIC,standard application,675,0.2788,0
C000664,2025-05-12,TRAIN,SE,PARTNER,M,18,EMPLOYED,6536,0.2706,0.3135,0,false,16,,50-249,CRM,income verification pending,790,0.0468,0
C000665,2025-05-13,TRAIN,PL,APP,F,30,EMPLOYED,10717,0.2094,0.2682,0,false,17,682,50-249,ORGANIC,,815,0.0205,0
C000666,2025-05-14,TRAIN,NL,WEB,M,43,RETIRED,4445,0.2497,0.5033,0,false,44,640,,DIRECT,standard application,790,0.0555,0
C000667,2025-05-14,TRAIN,DE,APP,M,44,EMPLOYED,7396,0.2264,0.3421,0,false,0,626,50-249,ORGANIC,,793,0.0349,0
C000668,2025-05-15,TRAIN,SE,PARTNER,F,39,EMPLOYED,10204,0.0200,0.3651,0,true,82,706,1-9,DIRECT,standard application,808,0.0137,0
C000669,2025-05-16,TRAIN,SE,APP,F,35,SELF_EMPLOYED,6676,0.2892,0.4834,0,false,38,668,1-9,CRM,manual review requested,807,0.0480,1
C000670,2025-05-17,TRAIN,PL,PARTNER,M,23,EMPLOYED,5363,0.1174,0.3219,0,false,0,652,50-249,PAID_SEARCH,standard application,793,0.0328,0
C000671,2025-05-17,TRAIN,PL,WEB,M,60,RETIRED,9362,0.1254,0.3921,0,false,67,663,,CRM,standard application,798,0.0190,0
C000672,2025-05-18,TRAIN,PL,WEB,M,72,SELF_EMPLOYED,6703,0.1902,0.4692,0,false,0,581,1-9,CRM,standard application,810,0.0411,0
C000673,2025-05-19,TRAIN,PL,WEB,F,34,RETIRED,4257,0.3526,0.2809,1,true,17,714,,AFFILIATE,,766,0.0629,0
C000674,2025-05-20,TRAIN,NL,APP,F,43,EMPLOYED,7956,0.0594,0.3557,0,true,60,594,1-9,ORGANIC,standard application,784,0.0302,0
C000675,2025-05-20,TRAIN,PL,APP,M,44,EMPLOYED,,0.3370,0.0000,0,false,122,680,50-249,ORGANIC,standard application,794,0.0175,0
C000676,2025-05-21,TRAIN,PL,APP,M,44,EMPLOYED,6376,0.1997,0.3301,0,false,99,681,1-9,AFFILIATE,manual review requested,770,0.0247,0
C000677,2025-05-22,TRAIN,SE,PARTNER,F,44,EMPLOYED,4853,0.2440,0.2707,0,false,2,710,250+,PAID_SEARCH,,814,0.0219,0
C000678,2025-05-23,TRAIN,DE,APP,M,28,EMPLOYED,4343,0.1258,0.4678,0,false,31,649,10-49,PAID_SEARCH,standard application,805,0.0457,0
C000679,2025-05-23,TRAIN,PL,WEB,F,34,EMPLOYED,9214,0.3512,0.3066,0,true,89,675,50-249,PAID_SEARCH,standard application,787,0.0320,0
C000680,2025-05-24,TRAIN,DE,APP,M,45,EMPLOYED,4345,0.1711,0.4212,0,true,14,687,50-249,ORGANIC,standard application,826,0.0300,0
C000681,2025-05-25,TRAIN,PL,PARTNER,F,52,EMPLOYED,6038,0.3919,0.0000,0,false,34,,50-249,ORGANIC,standard application,808,0.0216,0
C000682,2025-05-26,TRAIN,DE,WEB,F,37,EMPLOYED,10474,0.2373,0.6269,0,false,51,566,50-249,CRM,standard application,793,0.0824,0
C000683,2025-05-26,TRAIN,NL,APP,M,33,EMPLOYED,1219,0.2344,0.5010,0,true,30,679,,AFFILIATE,standard application,792,0.0569,0
C000684,2025-05-27,TRAIN,PL,APP,F,46,EMPLOYED,5211,0.2055,0.5827,0,false,39,609,50-249,ORGANIC,standard application,810,0.0661,0
C000685,2025-05-28,TRAIN,PL,APP,F,22,EMPLOYED,7309,0.3062,0.5166,1,true,76,665,250+,ORGANIC,income verification pending,733,0.1169,0
C000686,2025-05-29,TRAIN,NL,STORE,M,50,EMPLOYED,7769,0.3610,0.4643,0,false,54,654,10-49,PAID_SEARCH,returning customer,805,0.0459,0
C000687,2025-05-29,TRAIN,PL,WEB,M,41,EMPLOYED,5878,0.0293,0.6961,0,false,31,763,50-249,CRM,standard application,783,0.0247,0
C000688,2025-05-30,TRAIN,PL,APP,X,25,EMPLOYED,7242,0.3743,0.4219,0,false,28,695,10-49,DIRECT,standard application,811,0.0467,0
C000689,2025-05-31,TRAIN,PL,WEB,M,38,EMPLOYED,9075,0.3096,0.1885,0,false,122,679,250+,AFFILIATE,income verification pending,772,0.0216,0
C000690,2025-06-01,TRAIN,DE,APP,M,51,EMPLOYED,5440,0.6197,0.5392,0,true,34,621,,AFFILIATE,standard application,742,0.1175,0
C000691,2025-06-01,TRAIN,PL,WEB,F,45,EMPLOYED,11622,0.3179,0.5178,0,false,0,655,50-249,ORGANIC,standard application,788,0.0404,0
C000692,2025-06-02,TRAIN,PL,PARTNER,M,39,EMPLOYED,4963,0.2575,0.4440,0,false,35,717,1-9,AFFILIATE,standard application,812,0.0327,0
C000693,2025-06-03,TRAIN,PL,WEB,M,28,EMPLOYED,6914,0.2264,0.1544,0,false,79,672,50-249,ORGANIC,standard application,802,0.0223,0
C000694,2025-06-04,TRAIN,SE,WEB,M,43,EMPLOYED,8196,0.1380,0.4370,0,false,38,599,250+,ORGANIC,income verification pending,810,0.0403,0
C000695,2025-06-04,TRAIN,DE,WEB,M,40,EMPLOYED,,0.1212,0.3867,1,true,29,581,10-49,AFFILIATE,standard application,788,0.0923,1
C000696,2025-06-05,TRAIN,PL,APP,F,44,STUDENT,1487,0.1573,0.7736,0,false,29,549,,DIRECT,standard application,716,0.1824,1
C000697,2025-06-06,TRAIN,PL,WEB,M,47,SELF_EMPLOYED,9812,0.0663,0.4923,0,false,93,728,1-9,PAID_SEARCH,,814,0.0161,0
C000698,2025-06-07,TRAIN,DE,WEB,F,47,EMPLOYED,9740,0.4484,0.4956,0,false,48,740,10-49,ORGANIC,standard application,798,0.0332,1
C000699,2025-06-07,TRAIN,PL,APP,F,45,RETIRED,6899,0.2974,0.4236,0,true,27,553,,DIRECT,returning customer,784,0.0729,0
C000700,2025-06-08,TRAIN,PL,WEB,M,24,EMPLOYED,6307,0.2912,0.5975,0,false,63,,10-49,,standard application,759,0.0817,0
C000701,2025-06-09,TRAIN,NL,APP,M,47,RETIRED,6571,0.0200,0.3603,0,false,60,643,,CRM,standard application,811,0.0217,0
C000702,2025-06-10,TRAIN,PL,APP,F,19,UNEMPLOYED,800,0.2032,0.2868,0,false,13,690,,AFFILIATE,standard application,754,0.0864,0
C000703,2025-06-10,TRAIN,DE,APP,F,44,EMPLOYED,5619,0.3836,0.6382,1,true,62,574,50-249,ORGANIC,income verification pending,699,0.2273,0
C000704,2025-06-11,TRAIN,PL,WEB,M,45,EMPLOYED,6632,0.3152,0.2033,0,false,26,497,250+,DIRECT,standard application,775,0.0674,0
C000705,2025-06-12,TRAIN,NL,APP,M,36,SELF_EMPLOYED,8655,0.3700,0.4449,0,false,47,684,10-49,DIRECT,standard application,815,0.0423,0
C000706,2025-06-13,TRAIN,PL,APP,M,35,EMPLOYED,6102,0.1777,0.7297,0,true,44,585,250+,DIRECT,standard application,776,0.1031,0
C000707,2025-06-13,TRAIN,DE,STORE,F,35,EMPLOYED,9286,0.5287,0.4527,0,true,50,595,50-249,PAID_SEARCH,,754,0.0947,0
C000708,2025-06-14,TRAIN,PL,APP,M,42,EMPLOYED,5479,0.0200,0.0459,0,true,61,779,250+,AFFILIATE,,806,0.0056,0
C000709,2025-06-15,TRAIN,DE,WEB,M,36,EMPLOYED,6040,0.1155,0.4778,0,true,0,521,10-49,ORGANIC,standard application,797,0.0787,0
C000710,2025-06-16,TRAIN,NL,STORE,M,55,EMPLOYED,7090,0.1709,0.5455,0,false,75,698,10-49,CRM,,785,0.0280,0
C000711,2025-06-16,TRAIN,PL,WEB,F,75,EMPLOYED,5998,0.0200,0.2242,0,false,137,710,10-49,PAID_SEARCH,standard application,835,0.0081,0
C000712,2025-06-17,TRAIN,PL,WEB,F,35,RETIRED,4956,0.1547,0.2702,0,false,63,721,,PAID_SEARCH,returning customer,804,0.0188,0
C000713,2025-06-18,TRAIN,PL,APP,M,38,EMPLOYED,8082,0.1266,0.0145,0,false,0,762,50-249,DIRECT,standard application,807,0.0066,0
C000714,2025-06-19,TRAIN,PL,PARTNER,M,44,EMPLOYED,7655,0.2243,0.4508,0,false,79,547,10-49,DIRECT,standard application,793,0.0672,0
C000715,2025-06-19,TRAIN,PL,APP,M,60,EMPLOYED,6372,0.1631,0.4570,1,true,34,588,10-49,DIRECT,returning customer,788,0.0837,0
C000716,2025-06-20,TRAIN,SE,PARTNER,M,56,RETIRED,5851,0.3175,0.1335,0,true,87,626,,ORGANIC,standard application,834,0.0257,0
C000717,2025-06-21,TRAIN,PL,WEB,F,46,EMPLOYED,5525,0.2654,0.4222,0,false,45,660,50-249,ORGANIC,standard application,802,0.0395,0
C000718,2025-06-22,TRAIN,PL,WEB,M,44,EMPLOYED,7066,0.0200,0.2438,0,false,75,686,10-49,PAID_SEARCH,standard application,802,0.0133,0
C000719,2025-06-22,TRAIN,PL,STORE,M,40,EMPLOYED,7428,0.1769,0.2447,1,false,57,582,50-249,DIRECT,returning customer,767,0.0690,1
C000720,2025-06-23,TRAIN,DE,WEB,M,34,EMPLOYED,5801,0.2508,0.5528,0,false,42,671,1-9,ORGANIC,returning customer,802,0.0533,0
C000721,2025-06-24,TEST,DE,APP,F,58,EMPLOYED,9586,0.3151,0.4147,0,true,89,595,10-49,DIRECT,standard application,801,0.0439,0
C000722,2025-06-25,TEST,PL,APP,F,53,EMPLOYED,3297,0.1459,0.3090,2,false,75,513,10-49,AFFILIATE,standard application,708,0.2101,0
C000723,2025-06-25,TEST,SE,PARTNER,F,57,EMPLOYED,8225,0.2006,0.3120,0,true,87,667,1-9,ORGANIC,standard application,815,0.0201,0
C000724,2025-06-26,TEST,PL,WEB,M,46,EMPLOYED,6986,0.1254,0.6468,0,false,86,687,250+,ORGANIC,standard application,802,0.0375,0
C000725,2025-06-27,TEST,PL,APP,M,40,SELF_EMPLOYED,10279,0.2880,0.2535,0,false,66,640,1-9,ORGANIC,standard application,822,0.0272,0
C000726,2025-06-28,TEST,PL,APP,M,43,UNEMPLOYED,3195,0.1621,0.0000,0,false,54,616,,ORGANIC,standard application,799,0.0458,0
C000727,2025-06-28,TEST,SE,PARTNER,F,26,EMPLOYED,4977,0.3496,0.1826,0,false,31,645,10-49,CRM,income verification pending,788,0.0403,0
C000728,2025-06-29,TEST,PL,WEB,F,50,EMPLOYED,4121,0.0850,0.3741,0,false,35,587,10-49,DIRECT,,801,0.0389,0
C000729,2025-06-30,TEST,PL,APP,M,34,EMPLOYED,6206,0.1120,0.1039,0,true,23,705,10-49,PAID_SEARCH,,827,0.0126,0
C000730,2025-07-01,TEST,PL,APP,M,47,EMPLOYED,6689,0.1556,0.5563,0,true,79,694,1-9,ORGANIC,returning customer,803,0.0319,0
C000731,2025-07-01,TEST,PL,APP,M,63,EMPLOYED,9553,0.2078,0.2127,0,false,113,678,1-9,AFFILIATE,standard application,829,0.0134,0
C000732,2025-07-02,TEST,SE,WEB,M,38,EMPLOYED,6650,0.0304,0.5162,0,true,95,612,50-249,CRM,,792,0.0407,0
C000733,2025-07-03,TEST,NL,PARTNER,M,59,EMPLOYED,4763,0.3539,0.5510,0,false,64,614,1-9,PAID_SEARCH,returning customer,784,0.0713,0
C000734,2025-07-04,TEST,NL,WEB,M,42,EMPLOYED,6092,0.2650,0.4341,0,false,68,700,1-9,AFFILIATE,returning customer,811,0.0326,0
C000735,2025-07-04,TEST,PL,APP,F,36,EMPLOYED,4935,0.1859,0.4629,0,false,0,657,1-9,ORGANIC,standard application,793,0.0431,0
C000736,2025-07-05,TEST,NL,WEB,M,18,EMPLOYED,6369,0.2272,0.0828,0,false,27,709,250+,AFFILIATE,standard application,831,0.0179,0
C000737,2025-07-06,TEST,DE,WEB,F,18,EMPLOYED,8537,0.2186,0.3101,0,false,37,634,250+,ORGANIC,standard application,838,0.0390,0
C000738,2025-07-07,TEST,PL,APP,F,46,EMPLOYED,8906,0.2384,0.2235,0,false,56,638,10-49,ORGANIC,returning customer,792,0.0235,0
C000739,2025-07-07,TEST,DE,WEB,F,46,SELF_EMPLOYED,10931,0.3294,0.1732,0,true,42,632,1-9,ORGANIC,standard application,823,0.0236,0
C000740,2025-07-08,TEST,SE,APP,F,42,EMPLOYED,6316,0.2508,0.3635,0,false,58,676,50-249,ORGANIC,standard application,805,0.0311,0
C000741,2025-07-09,TEST,PL,APP,M,38,EMPLOYED,4606,0.1480,0.5698,0,false,3,723,250+,PAID_SEARCH,standard application,817,0.0339,0
C000742,2025-07-10,TEST,NL,WEB,M,52,SELF_EMPLOYED,,0.3513,0.2770,0,false,74,535,1-9,ORGANIC,returning customer,778,0.0674,0
C000743,2025-07-10,TEST,PL,WEB,F,27,EMPLOYED,5076,0.3295,0.4838,0,false,38,692,1-9,DIRECT,,826,0.0540,0
C000744,2025-07-11,TEST,PL,APP,M,25,EMPLOYED,5381,0.3096,0.2981,0,false,12,658,250+,CRM,,829,0.0434,0
C000745,2025-07-12,TEST,PL,APP,M,40,SELF_EMPLOYED,7116,0.0902,0.0051,1,true,53,602,1-9,DIRECT,standard application,787,0.0322,0
C000746,2025-07-13,TEST,PL,PARTNER,F,19,SELF_EMPLOYED,10850,0.3294,0.6101,0,true,0,707,1-9,ORGANIC,standard application,800,0.0520,0
C000747,2025-07-13,TEST,DE,APP,M,47,EMPLOYED,9428,0.2704,0.1895,0,true,56,554,50-249,ORGANIC,returning customer,799,0.0366,1
C000748,2025-07-14,TEST,PL,APP,M,41,UNEMPLOYED,2003,0.1412,0.2595,0,true,13,604,,ORGANIC,returning customer,768,0.0861,0
C000749,2025-07-15,TEST,PL,STORE,M,48,EMPLOYED,7053,0.0497,0.0364,0,false,45,755,1-9,PAID_SEARCH,standard application,841,0.0058,0
C000750,2025-07-16,TEST,NL,WEB,F,31,EMPLOYED,10885,0.2276,0.3648,0,true,61,655,10-49,PAID_SEARCH,returning customer,794,0.0299,0
C000751,2025-07-16,TEST,PL,WEB,M,35,EMPLOYED,6250,0.2530,0.1452,1,true,88,639,250+,AFFILIATE,standard application,815,0.0534,0
C000752,2025-07-17,TEST,PL,PARTNER,F,18,EMPLOYED,5602,0.3515,0.8475,0,false,3,616,1-9,ORGANIC,manual review requested,765,0.1825,0
C000753,2025-07-18,TEST,DE,APP,F,55,UNEMPLOYED,7070,0.3314,0.6127,0,false,102,595,,PAID_SEARCH,,710,0.1686,0
C000754,2025-07-19,TEST,PL,WEB,F,45,EMPLOYED,9296,0.4104,0.3008,1,false,23,609,250+,DIRECT,standard application,772,0.0898,0
C000755,2025-07-19,TEST,DE,APP,F,43,EMPLOYED,6981,0.1512,0.5184,0,false,42,762,250+,ORGANIC,standard application,808,0.0202,0
C000756,2025-07-20,TEST,SE,WEB,M,42,SELF_EMPLOYED,8949,0.2075,0.2037,0,false,0,791,1-9,DIRECT,standard application,803,0.0089,0
C000757,2025-07-21,TEST,PL,APP,M,35,EMPLOYED,5884,0.4959,0.5029,0,true,14,694,10-49,DIRECT,standard application,761,0.0676,0
C000758,2025-07-22,TEST,PL,WEB,M,34,STUDENT,3300,0.0200,0.3312,0,false,43,663,,ORGANIC,standard application,809,0.0322,0
C000759,2025-07-22,TEST,DE,APP,M,36,EMPLOYED,7983,0.1056,0.2121,1,true,0,685,250+,ORGANIC,standard application,814,0.0316,0
C000760,2025-07-23,TEST,PL,WEB,F,49,EMPLOYED,5607,0.2050,0.4233,0,true,40,665,50-249,ORGANIC,standard application,820,0.0327,0
C000761,2025-07-24,TEST,SE,APP,F,47,SELF_EMPLOYED,8268,0.3282,0.7537,1,true,42,520,10-49,ORGANIC,manual review requested,669,0.2791,1
C000762,2025-07-25,TEST,SE,APP,F,54,EMPLOYED,4801,0.1412,0.1404,0,false,28,732,50-249,CRM,standard application,823,0.0105,0
C000763,2025-07-25,TEST,DE,APP,M,44,EMPLOYED,7105,0.3629,0.1487,0,false,70,635,250+,ORGANIC,,765,0.0297,0
C000764,2025-07-26,TEST,SE,STORE,M,39,UNEMPLOYED,5230,0.1318,0.0133,0,false,101,595,,DIRECT,standard application,786,0.0470,0
C000765,2025-07-27,TEST,PL,APP,M,39,SELF_EMPLOYED,9053,0.1517,0.3826,0,false,73,582,1-9,PAID_SEARCH,standard application,812,0.0408,0
C000766,2025-07-28,TEST,PL,PARTNER,M,45,EMPLOYED,7124,0.1038,0.5381,1,true,52,650,10-49,ORGANIC,standard application,771,0.0706,0
C000767,2025-07-28,TEST,SE,APP,F,24,EMPLOYED,8071,0.2295,0.5693,0,false,8,,50-249,PAID_SEARCH,standard application,783,0.0626,0
C000768,2025-07-29,TEST,PL,WEB,M,26,EMPLOYED,8308,0.1925,0.3788,1,false,55,642,1-9,ORGANIC,standard application,775,0.0743,0
C000769,2025-07-30,TEST,DE,STORE,F,40,SELF_EMPLOYED,8711,0.3995,0.3209,0,false,70,705,1-9,PAID_SEARCH,standard application,807,0.0293,0
C000770,2025-07-31,TEST,DE,APP,F,45,EMPLOYED,5508,0.2891,0.2838,0,false,50,656,50-249,AFFILIATE,standard application,784,0.0322,0
C000771,2025-07-31,TEST,SE,APP,F,22,EMPLOYED,4386,0.3759,0.5031,0,false,54,662,1-9,,standard application,771,0.0797,0
C000772,2025-08-01,TEST,DE,WEB,F,35,EMPLOYED,9293,0.0200,0.4574,1,true,74,596,50-249,CRM,standard application,767,0.0690,1
C000773,2025-08-02,TEST,DE,WEB,M,38,STUDENT,2725,0.2314,0.0000,1,false,35,604,,DIRECT,standard application,779,0.0682,0
C000774,2025-08-03,TEST,PL,WEB,F,30,EMPLOYED,10489,0.1482,0.5978,0,true,36,603,10-49,DIRECT,income verification pending,785,0.0574,0
C000775,2025-08-03,TEST,DE,APP,F,30,EMPLOYED,4808,0.0200,0.6916,0,false,24,608,250+,ORGANIC,standard application,798,0.0702,0
C000776,2025-08-04,TEST,PL,APP,M,21,UNEMPLOYED,1184,0.2597,0.7161,1,false,39,689,,CRM,returning customer,650,0.3461,0
C000777,2025-08-05,TEST,PL,WEB,M,66,EMPLOYED,4625,0.2920,0.4556,0,true,95,689,50-249,,manual review requested,816,0.0314,0
C000778,2025-08-06,TEST,DE,WEB,F,55,UNEMPLOYED,1350,0.3818,0.0955,0,true,86,660,,AFFILIATE,,786,0.0643,0
C000779,2025-08-06,TEST,PL,APP,F,36,SELF_EMPLOYED,9224,0.1619,0.2429,0,true,63,650,1-9,CRM,income verification pending,794,0.0215,0
C000780,2025-08-07,TEST,DE,STORE,M,23,EMPLOYED,9866,0.1903,0.2928,0,false,0,762,10-49,AFFILIATE,standard application,821,0.0148,0
C000781,2025-08-08,TEST,PL,STORE,F,36,EMPLOYED,9474,0.0200,0.4501,0,false,48,626,50-249,ORGANIC,standard application,790,0.0282,0
C000782,2025-08-09,TEST,PL,STORE,F,18,EMPLOYED,11701,0.3363,0.5449,0,false,14,607,250+,,standard application,812,0.0784,0
C000783,2025-08-09,TEST,DE,APP,M,51,EMPLOYED,5447,0.3578,0.0820,0,true,93,614,10-49,AFFILIATE,manual review requested,795,0.0291,0
C000784,2025-08-10,TEST,PL,APP,M,52,UNEMPLOYED,3590,0.3907,0.4865,0,true,100,,,ORGANIC,standard application,749,0.1437,0
C000785,2025-08-11,TEST,PL,PARTNER,F,40,SELF_EMPLOYED,7093,0.1544,0.1586,0,false,18,803,1-9,ORGANIC,standard application,808,0.0077,0
C000786,2025-08-12,TEST,SE,APP,M,21,EMPLOYED,7876,0.0744,0.1571,0,false,0,629,250+,PAID_SEARCH,standard application,795,0.0218,0
C000787,2025-08-12,TEST,PL,APP,M,31,SELF_EMPLOYED,9434,0.1330,0.2952,0,false,10,660,10-49,AFFILIATE,,805,0.0224,0
C000788,2025-08-13,TEST,DE,WEB,M,41,EMPLOYED,7980,0.0591,0.5633,0,false,98,682,50-249,AFFILIATE,standard application,798,0.0285,0
C000789,2025-08-14,TEST,NL,WEB,M,23,EMPLOYED,6084,0.3179,0.4164,0,true,48,,250+,ORGANIC,returning customer,808,0.0614,0
C000790,2025-08-15,TEST,DE,STORE,M,38,EMPLOYED,6479,0.3035,0.4501,1,true,55,674,250+,PAID_SEARCH,standard application,785,0.0854,0
C000791,2025-08-15,TEST,PL,PARTNER,M,24,EMPLOYED,8456,0.4908,0.4717,0,false,35,669,250+,ORGANIC,,783,0.0716,0
C000792,2025-08-16,TEST,PL,APP,F,27,EMPLOYED,9115,0.3610,0.3921,0,false,0,604,10-49,ORGANIC,returning customer,779,0.0637,0
C000793,2025-08-17,TEST,DE,PARTNER,F,32,EMPLOYED,6283,0.2139,0.5585,0,true,17,571,50-249,PAID_SEARCH,standard application,816,0.0874,0
C000794,2025-08-18,TEST,SE,WEB,M,36,RETIRED,5435,0.2557,0.2079,0,true,47,618,,ORGANIC,standard application,820,0.0357,0
C000795,2025-08-18,TEST,PL,APP,M,45,EMPLOYED,7115,0.3883,0.4153,0,true,104,658,250+,AFFILIATE,standard application,767,0.0469,0
C000796,2025-08-19,TEST,PL,WEB,F,37,EMPLOYED,4624,0.2606,0.2542,0,false,0,686,50-249,ORGANIC,standard application,804,0.0276,0
C000797,2025-08-20,TEST,PL,APP,M,47,EMPLOYED,5490,0.2189,0.6009,0,false,86,659,1-9,PAID_SEARCH,,784,0.0517,0
C000798,2025-08-21,TEST,DE,WEB,M,27,EMPLOYED,6231,0.2486,0.1132,0,true,42,608,50-249,CRM,returning customer,818,0.0326,0
C000799,2025-08-21,TEST,PL,APP,M,37,EMPLOYED,5965,0.2934,0.4265,0,true,53,692,250+,CRM,,782,0.0380,0
C000800,2025-08-22,TEST,DE,WEB,F,36,EMPLOYED,7135,0.1900,0.3351,0,true,69,539,1-9,ORGANIC,standard application,803,0.0585,1
C000801,2025-08-23,TEST,PL,STORE,F,51,EMPLOYED,5509,0.1933,0.8265,0,true,96,592,250+,PAID_SEARCH,,759,0.1068,0
C000802,2025-08-24,TEST,PL,WEB,F,32,EMPLOYED,8097,0.1632,0.4787,0,false,57,688,250+,ORGANIC,returning customer,794,0.0315,0
C000803,2025-08-25,TEST,PL,WEB,M,41,SELF_EMPLOYED,6825,0.1868,0.2362,0,true,71,628,1-9,AFFILIATE,standard application,839,0.0272,0
C000804,2025-08-25,TEST,PL,APP,M,37,EMPLOYED,5977,0.1586,0.2709,0,true,71,687,50-249,DIRECT,standard application,833,0.0215,0
C000805,2025-08-26,TEST,PL,WEB,F,49,EMPLOYED,7695,0.2404,0.0243,0,false,39,721,1-9,DIRECT,standard application,806,0.0098,0
C000806,2025-08-27,TEST,NL,WEB,M,27,EMPLOYED,5816,0.2414,0.3035,0,false,2,618,250+,AFFILIATE,returning customer,786,0.0460,1
C000807,2025-08-28,TEST,PL,WEB,F,46,STUDENT,5847,0.1954,0.2180,0,true,22,661,,CRM,standard application,792,0.0279,0
C000808,2025-08-28,TEST,NL,APP,F,59,EMPLOYED,7820,0.1212,0.3854,0,false,2,673,10-49,AFFILIATE,returning customer,780,0.0192,0
C000809,2025-08-29,TEST,PL,WEB,F,18,UNEMPLOYED,2458,0.3520,0.5957,0,false,19,,,PAID_SEARCH,returning customer,675,0.2385,0
C000810,2025-08-30,TEST,DE,APP,F,32,EMPLOYED,8615,0.1826,0.6065,0,false,63,,,ORGANIC,standard application,807,0.0547,0
C000811,2025-08-31,TEST,SE,WEB,F,52,EMPLOYED,7017,0.1081,0.1620,0,true,15,593,10-49,PAID_SEARCH,standard application,799,0.0212,0
C000812,2025-08-31,TEST,DE,APP,M,55,UNEMPLOYED,3332,0.0688,0.3770,1,false,88,574,,,income verification pending,761,0.1677,0
C000813,2025-09-01,TEST,PL,PARTNER,M,42,RETIRED,5303,0.1747,0.4212,1,false,65,600,,ORGANIC,standard application,771,0.0959,0
C000814,2025-09-02,TEST,DE,PARTNER,F,20,SELF_EMPLOYED,5049,0.2250,0.3883,0,false,19,623,1-9,DIRECT,returning customer,767,0.0580,0
C000815,2025-09-03,TEST,PL,WEB,M,45,EMPLOYED,4764,0.1363,0.0367,0,true,27,672,50-249,CRM,standard application,842,0.0133,0
C000816,2025-09-03,TEST,PL,WEB,M,44,UNEMPLOYED,800,0.0862,0.1988,0,true,53,606,,CRM,,806,0.0698,1
C000817,2025-09-04,TEST,PL,WEB,F,43,SELF_EMPLOYED,7637,0.0999,0.4914,0,true,58,615,1-9,DIRECT,income verification pending,818,0.0392,0
C000818,2025-09-05,TEST,PL,WEB,M,54,EMPLOYED,7696,0.2564,0.0057,0,true,65,559,1-9,ORGANIC,standard application,795,0.0238,0
C000819,2025-09-06,TEST,DE,APP,M,50,EMPLOYED,7452,0.0200,0.3404,0,true,74,679,1-9,PAID_SEARCH,standard application,821,0.0155,0
C000820,2025-09-06,TEST,PL,APP,F,31,EMPLOYED,6309,0.2853,0.5580,0,false,33,676,1-9,ORGANIC,returning customer,798,0.0565,0
C000821,2025-09-07,TEST,SE,STORE,F,39,SELF_EMPLOYED,8749,0.5045,0.2471,0,true,146,604,1-9,PAID_SEARCH,returning customer,787,0.0561,1
C000822,2025-09-08,TEST,DE,WEB,F,39,EMPLOYED,2987,0.0200,0.1030,0,false,65,744,50-249,CRM,standard application,859,0.0093,0
C000823,2025-09-09,TEST,PL,APP,F,35,EMPLOYED,8627,0.1081,0.0000,0,false,34,664,50-249,,standard application,828,0.0111,0
C000824,2025-09-09,TEST,PL,WEB,F,31,EMPLOYED,8283,0.3795,0.2549,0,true,84,673,50-249,PAID_SEARCH,standard application,818,0.0335,0
C000825,2025-09-10,TEST,PL,PARTNER,M,29,EMPLOYED,6400,0.1350,0.2368,0,false,81,691,10-49,DIRECT,standard application,830,0.0200,0
C000826,2025-09-11,TEST,PL,WEB,M,51,EMPLOYED,7839,0.1841,0.2903,0,true,46,673,1-9,AFFILIATE,,786,0.0196,0
C000827,2025-09-12,TEST,DE,WEB,M,27,SELF_EMPLOYED,8284,0.1031,0.1997,0,false,60,682,10-49,PAID_SEARCH,returning customer,825,0.0169,0
C000828,2025-09-12,TEST,PL,PARTNER,F,48,STUDENT,2767,0.0363,0.2136,0,false,62,669,,ORGANIC,income verification pending,794,0.0220,0
C000829,2025-09-13,TEST,DE,APP,F,42,SELF_EMPLOYED,6228,0.1587,0.1313,0,true,84,698,1-9,ORGANIC,standard application,832,0.0139,0
C000830,2025-09-14,TEST,PL,WEB,F,41,EMPLOYED,6085,0.1885,0.2553,0,false,40,631,250+,ORGANIC,income verification pending,821,0.0291,0
C000831,2025-09-15,TEST,PL,PARTNER,F,44,EMPLOYED,7189,0.1516,0.4203,0,false,0,642,1-9,DIRECT,,798,0.0325,0
C000832,2025-09-15,TEST,DE,WEB,F,27,EMPLOYED,7400,0.1580,0.4347,0,false,0,662,250+,DIRECT,,796,0.0364,0
C000833,2025-09-16,TEST,DE,APP,M,43,EMPLOYED,7401,0.2117,0.0000,1,false,33,660,1-9,ORGANIC,standard application,823,0.0277,0
C000834,2025-09-17,TEST,SE,WEB,F,40,EMPLOYED,6598,0.1570,0.1184,0,true,80,627,10-49,PAID_SEARCH,manual review requested,825,0.0206,0
C000835,2025-09-18,TEST,NL,WEB,M,34,EMPLOYED,7290,0.1446,0.0000,1,false,78,564,250+,DIRECT,standard application,808,0.0470,0
C000836,2025-09-18,TEST,PL,APP,M,29,SELF_EMPLOYED,10273,0.2636,0.2480,0,false,19,551,1-9,ORGANIC,standard application,782,0.0487,0
C000837,2025-09-19,TEST,NL,WEB,M,50,EMPLOYED,6841,0.1759,0.1025,0,true,61,681,50-249,ORGANIC,standard application,819,0.0132,0
C000838,2025-09-20,TEST,PL,PARTNER,M,68,SELF_EMPLOYED,8309,0.1372,0.1274,0,true,73,674,1-9,,returning customer,809,0.0100,0
C000839,2025-09-21,TEST,PL,WEB,F,21,EMPLOYED,7602,0.0991,0.9017,0,false,0,665,1-9,AFFILIATE,standard application,752,0.0868,0
C000840,2025-09-21,TEST,DE,APP,M,40,SELF_EMPLOYED,10177,0.0949,0.1090,0,false,29,685,1-9,DIRECT,standard application,808,0.0104,0
C000841,2025-09-22,TEST,PL,WEB,M,34,EMPLOYED,9088,0.3264,0.5550,0,false,87,594,50-249,PAID_SEARCH,income verification pending,765,0.0807,0
C000842,2025-09-23,TEST,PL,APP,F,30,EMPLOYED,5774,0.3141,0.5459,0,false,26,619,250+,ORGANIC,standard application,779,0.0833,0
C000843,2025-09-24,TEST,DE,APP,F,41,EMPLOYED,8223,0.3670,0.0000,1,true,63,608,250+,ORGANIC,standard application,765,0.0501,0
C000844,2025-09-24,TEST,PL,STORE,M,33,EMPLOYED,5213,0.1503,0.4258,1,true,70,670,250+,PAID_SEARCH,standard application,791,0.0697,0
C000845,2025-09-25,TEST,PL,APP,F,55,EMPLOYED,5397,0.0559,0.7930,1,true,115,605,50-249,DIRECT,standard application,733,0.1319,0
C000846,2025-09-26,TEST,SE,STORE,M,34,UNEMPLOYED,4099,0.3346,0.6397,1,true,0,563,,ORGANIC,standard application,563,0.4493,0
C000847,2025-09-27,TEST,DE,PARTNER,F,41,SELF_EMPLOYED,7525,0.1173,0.2692,0,false,86,605,1-9,CRM,standard application,827,0.0279,0
C000848,2025-09-27,TEST,PL,WEB,M,42,EMPLOYED,8177,0.1721,0.3067,1,false,49,570,10-49,AFFILIATE,,798,0.0778,0
C000849,2025-09-28,TEST,PL,STORE,M,55,EMPLOYED,7758,0.1559,0.4604,0,false,61,735,50-249,DIRECT,,813,0.0176,0
C000850,2025-09-29,TEST,PL,APP,X,34,EMPLOYED,8447,0.3379,0.2257,0,false,55,669,10-49,ORGANIC,,795,0.0284,0
C000851,2025-09-30,TEST,NL,WEB,F,44,EMPLOYED,6465,0.3744,0.1628,0,true,109,597,250+,DIRECT,manual review requested,803,0.0403,0
C000852,2025-09-30,TEST,DE,PARTNER,F,32,EMPLOYED,5614,0.2577,0.5912,0,false,82,657,50-249,DIRECT,standard application,802,0.0652,0
C000853,2025-10-01,TEST,PL,WEB,F,18,SELF_EMPLOYED,7382,0.1265,0.6473,0,false,35,671,1-9,PAID_SEARCH,standard application,807,0.0557,0
C000854,2025-10-02,TEST,PL,WEB,M,48,EMPLOYED,5771,0.4211,0.3206,0,true,70,777,250+,ORGANIC,,779,0.0214,0
C000855,2025-10-03,TEST,DE,WEB,F,32,SELF_EMPLOYED,10941,0.2242,0.3771,0,false,93,733,1-9,AFFILIATE,income verification pending,790,0.0190,0
C000856,2025-10-03,TEST,DE,APP,F,35,EMPLOYED,6981,0.1944,0.6721,0,false,64,687,50-249,CRM,standard application,805,0.0515,0
C000857,2025-10-04,TEST,SE,APP,M,23,EMPLOYED,8888,0.2968,0.2741,0,false,26,,50-249,DIRECT,standard application,794,0.0380,0
C000858,2025-10-05,TEST,PL,STORE,M,43,EMPLOYED,6469,0.2235,0.4295,0,true,92,682,250+,PAID_SEARCH,,786,0.0320,0
C000859,2025-10-06,TEST,SE,STORE,M,31,EMPLOYED,5521,0.3013,0.0836,0,true,44,628,10-49,PAID_SEARCH,standard application,812,0.0301,0
C000860,2025-10-06,TEST,PL,APP,F,24,SELF_EMPLOYED,10592,0.2728,0.0977,0,false,68,655,1-9,ORGANIC,standard application,833,0.0207,0
C000861,2025-10-07,TEST,DE,WEB,F,42,SELF_EMPLOYED,12791,0.1959,0.3985,0,false,10,537,1-9,,standard application,770,0.0474,0
C000862,2025-10-08,TEST,PL,APP,F,34,EMPLOYED,5565,0.1613,0.5261,0,false,89,641,50-249,AFFILIATE,manual review requested,824,0.0507,0
C000863,2025-10-09,TEST,PL,APP,M,20,EMPLOYED,8652,0.4221,0.3330,1,false,89,562,10-49,CRM,returning customer,706,0.1672,0
C000864,2025-10-09,TEST,DE,STORE,F,45,EMPLOYED,,0.4686,0.3690,1,true,32,599,1-9,PAID_SEARCH,standard application,722,0.1465,0
C000865,2025-10-10,TEST,NL,WEB,F,44,EMPLOYED,6056,0.2696,0.3760,1,false,66,586,10-49,ORGANIC,standard application,782,0.1069,0
C000866,2025-10-11,TEST,PL,APP,F,40,RETIRED,3402,0.0200,0.5262,0,true,114,676,,AFFILIATE,standard application,800,0.0326,0
C000867,2025-10-12,TEST,NL,WEB,X,42,EMPLOYED,4660,0.0744,0.4079,1,true,46,621,50-249,DIRECT,standard application,792,0.0709,0
C000868,2025-10-12,TEST,DE,PARTNER,M,46,EMPLOYED,5891,0.2666,0.5151,0,false,40,689,250+,CRM,standard application,780,0.0398,0
C000869,2025-10-13,TEST,PL,APP,F,40,EMPLOYED,5431,0.1938,0.0408,0,false,53,771,250+,PAID_SEARCH,standard application,805,0.0086,0
C000870,2025-10-14,TEST,PL,APP,F,33,RETIRED,3624,0.0671,0.5151,0,false,0,691,,ORGANIC,income verification pending,799,0.0345,0
C000871,2025-10-15,TEST,SE,PARTNER,M,35,UNEMPLOYED,,0.1461,0.5787,1,true,24,583,,ORGANIC,standard application,691,0.2844,0
C000872,2025-10-15,TEST,NL,WEB,M,48,EMPLOYED,8685,0.2945,0.3224,0,true,76,683,10-49,ORGANIC,standard application,818,0.0246,0
C000873,2025-10-16,TEST,PL,WEB,F,25,EMPLOYED,6393,0.3481,0.2378,0,false,4,639,10-49,PAID_SEARCH,standard application,829,0.0438,0
C000874,2025-10-17,TEST,PL,WEB,M,43,EMPLOYED,6362,0.2705,0.3497,0,false,66,744,250+,ORGANIC,standard application,783,0.0208,0
C000875,2025-10-18,TEST,SE,WEB,M,45,EMPLOYED,5149,0.4060,0.4708,0,true,32,667,250+,DIRECT,standard application,812,0.0573,0
C000876,2025-10-18,TEST,PL,APP,M,42,SELF_EMPLOYED,6841,0.3187,0.5874,1,true,137,554,1-9,,,719,0.1991,0
C000877,2025-10-19,TEST,PL,WEB,M,39,EMPLOYED,8294,0.2370,0.1508,0,true,18,603,250+,ORGANIC,income verification pending,837,0.0276,0
C000878,2025-10-20,TEST,SE,APP,F,38,EMPLOYED,8333,0.1952,0.1876,1,false,2,618,250+,DIRECT,standard application,806,0.0507,0
C000879,2025-10-21,TEST,PL,APP,M,43,UNEMPLOYED,2360,0.2754,0.3590,1,false,103,556,,CRM,standard application,632,0.2887,0
C000880,2025-10-21,TEST,DE,APP,F,31,RETIRED,7046,0.2369,0.8270,0,true,37,668,,PAID_SEARCH,standard application,764,0.0885,0
C000881,2025-10-22,TEST,PL,WEB,M,43,UNEMPLOYED,3001,0.2880,0.4245,1,true,37,522,,ORGANIC,,647,0.3622,1
C000882,2025-10-23,TEST,DE,APP,M,52,SELF_EMPLOYED,8179,0.3414,0.0779,0,false,76,664,1-9,ORGANIC,standard application,816,0.0178,0
C000883,2025-10-24,TEST,PL,WEB,M,47,EMPLOYED,8799,0.1692,0.4915,0,true,61,599,250+,AFFILIATE,income verification pending,813,0.0444,0
C000884,2025-10-24,TEST,NL,WEB,F,47,EMPLOYED,4481,0.0519,0.2262,0,true,77,689,50-249,,standard application,816,0.0149,0
C000885,2025-10-25,TEST,DE,STORE,F,38,SELF_EMPLOYED,8318,0.3458,0.4844,0,false,10,,1-9,AFFILIATE,manual review requested,788,0.0559,0
C000886,2025-10-26,TEST,PL,PARTNER,F,40,EMPLOYED,8850,0.2985,0.4774,0,false,17,596,10-49,DIRECT,standard application,782,0.0613,0
C000887,2025-10-27,TEST,PL,APP,M,42,EMPLOYED,5724,0.3745,0.1661,0,false,67,669,50-249,AFFILIATE,income verification pending,812,0.0285,0
C000888,2025-10-27,TEST,PL,APP,F,38,EMPLOYED,6988,0.1596,0.5298,1,false,0,674,50-249,,returning customer,780,0.0738,0
C000889,2025-10-28,TEST,SE,WEB,F,49,SELF_EMPLOYED,7358,0.1339,0.4871,0,true,67,676,1-9,AFFILIATE,manual review requested,817,0.0276,0
C000890,2025-10-29,TEST,PL,PARTNER,M,40,EMPLOYED,8541,0.2106,0.3704,0,true,38,616,250+,ORGANIC,standard application,788,0.0374,0
C000891,2025-10-30,TEST,PL,APP,M,44,EMPLOYED,6842,0.2925,0.5817,0,true,37,677,10-49,CRM,income verification pending,805,0.0501,0
C000892,2025-10-30,TEST,NL,WEB,F,18,EMPLOYED,8308,0.1092,0.2020,0,false,72,714,250+,CRM,standard application,841,0.0158,0
C000893,2025-10-31,TEST,PL,APP,F,47,EMPLOYED,9783,0.3549,0.2962,0,false,42,691,10-49,PAID_SEARCH,standard application,802,0.0240,0
C000894,2025-11-01,TEST,DE,STORE,F,33,EMPLOYED,5262,0.3489,0.3236,1,true,48,654,1-9,ORGANIC,standard application,797,0.0910,0
C000895,2025-11-02,TEST,PL,WEB,F,34,EMPLOYED,4793,0.2650,0.1156,0,false,7,706,1-9,CRM,,771,0.0190,0
C000896,2025-11-02,TEST,PL,PARTNER,M,44,EMPLOYED,9725,0.3935,0.8274,0,true,14,655,250+,PAID_SEARCH,,776,0.0973,0
C000897,2025-11-03,TEST,DE,APP,F,47,EMPLOYED,8760,0.2091,0.3477,0,true,27,748,250+,AFFILIATE,returning customer,797,0.0150,0
C000898,2025-11-04,TEST,DE,WEB,X,35,EMPLOYED,4770,0.1822,0.7096,0,false,4,663,1-9,PAID_SEARCH,manual review requested,809,0.0696,0
C000899,2025-11-05,TEST,SE,WEB,M,34,EMPLOYED,8951,0.4202,0.2184,0,false,10,725,50-249,ORGANIC,standard application,831,0.0232,0
C000900,2025-11-05,TEST,PL,WEB,M,32,UNEMPLOYED,800,0.2618,0.2061,1,false,59,615,,ORGANIC,standard application,698,0.1986,0
C000901,2025-11-06,TEST,DE,APP,M,33,EMPLOYED,3704,0.0821,0.5801,0,false,28,734,250+,PAID_SEARCH,standard application,832,0.0315,0
C000902,2025-11-07,TEST,SE,PARTNER,M,23,EMPLOYED,8362,0.2718,0.4667,0,false,0,,10-49,DIRECT,returning customer,795,0.0551,0
C000903,2025-11-08,TEST,SE,APP,M,19,STUDENT,1501,0.1818,0.5425,0,false,5,,,CRM,standard application,792,0.1004,0
C000904,2025-11-08,TEST,DE,APP,F,28,RETIRED,6802,0.0987,0.0385,1,false,73,621,,ORGANIC,standard application,794,0.0368,0
C000905,2025-11-09,TEST,SE,PARTNER,M,48,EMPLOYED,5855,0.3447,0.3630,1,true,79,594,1-9,ORGANIC,standard application,788,0.1113,0
C000906,2025-11-10,TEST,PL,APP,M,27,STUDENT,3226,0.0661,0.1709,1,true,62,629,,PAID_SEARCH,returning customer,766,0.0667,0
C000907,2025-11-11,TEST,PL,WEB,F,40,EMPLOYED,4286,0.2015,0.2179,0,false,53,691,250+,ORGANIC,standard application,786,0.0217,0
C000908,2025-11-11,TEST,PL,WEB,F,44,EMPLOYED,3833,0.2774,0.5953,0,false,66,701,10-49,DIRECT,standard application,804,0.0511,0
C000909,2025-11-12,TEST,DE,APP,M,25,EMPLOYED,5820,0.2668,0.4079,0,false,31,637,250+,ORGANIC,standard application,801,0.0549,1
C000910,2025-11-13,TEST,SE,WEB,F,46,SELF_EMPLOYED,8417,0.1518,0.1058,0,false,50,689,1-9,ORGANIC,standard application,831,0.0116,0
C000911,2025-11-14,TEST,DE,STORE,F,32,EMPLOYED,9149,0.1087,0.4141,0,true,38,570,50-249,ORGANIC,,775,0.0461,0
C000912,2025-11-14,TEST,DE,STORE,F,51,EMPLOYED,4908,0.2902,0.5023,0,true,25,648,1-9,ORGANIC,standard application,789,0.0511,1
C000913,2025-11-15,TEST,NL,WEB,F,42,STUDENT,2612,0.3706,0.4878,0,false,72,617,,PAID_SEARCH,standard application,759,0.1079,0
C000914,2025-11-16,TEST,PL,PARTNER,F,58,SELF_EMPLOYED,6240,0.1280,0.5514,1,true,72,590,1-9,PAID_SEARCH,returning customer,797,0.0958,0
C000915,2025-11-17,TEST,NL,APP,F,18,EMPLOYED,6270,0.1902,0.5653,1,false,10,627,10-49,AFFILIATE,standard application,729,0.1385,0
C000916,2025-11-17,TEST,PL,STORE,F,30,EMPLOYED,7574,0.1486,0.4896,1,false,1,587,10-49,CRM,returning customer,734,0.1137,0
C000917,2025-11-18,TEST,DE,PARTNER,M,26,EMPLOYED,5218,0.2499,0.5128,0,false,43,779,10-49,ORGANIC,,826,0.0297,0
C000918,2025-11-19,TEST,PL,APP,M,43,STUDENT,5027,0.2856,0.6085,0,true,51,609,,ORGANIC,,737,0.1064,0
C000919,2025-11-20,TEST,DE,WEB,M,36,EMPLOYED,,0.3154,0.2952,0,true,46,777,10-49,PAID_SEARCH,standard application,818,0.0194,0
C000920,2025-11-20,TEST,PL,PARTNER,F,35,SELF_EMPLOYED,8768,0.2796,0.0000,0,false,40,760,1-9,AFFILIATE,standard application,789,0.0089,0
C000921,2025-11-21,TEST,SE,WEB,M,49,EMPLOYED,6826,0.1611,0.2498,0,true,30,708,1-9,AFFILIATE,manual review requested,834,0.0151,0
C000922,2025-11-22,TEST,PL,APP,F,23,EMPLOYED,4963,0.1832,0.4039,0,false,31,713,50-249,ORGANIC,standard application,806,0.0319,0
C000923,2025-11-23,TEST,SE,APP,F,58,EMPLOYED,8872,0.0200,0.4333,1,true,74,615,10-49,CRM,standard application,812,0.0465,0
C000924,2025-11-23,TEST,PL,WEB,F,52,EMPLOYED,6923,0.1793,0.2007,0,false,81,757,250+,CRM,standard application,829,0.0102,0
C000925,2025-11-24,TEST,PL,WEB,F,32,SELF_EMPLOYED,5865,0.1120,0.3637,0,false,0,640,1-9,AFFILIATE,returning customer,793,0.0333,0
C000926,2025-11-25,TEST,PL,APP,F,24,EMPLOYED,9615,0.2498,0.4225,0,false,45,,50-249,DIRECT,standard application,816,0.0446,0
C000927,2025-11-26,TEST,DE,WEB,M,32,EMPLOYED,7606,0.1556,0.0832,1,false,20,647,50-249,CRM,,764,0.0356,0
C000928,2025-11-26,TEST,PL,STORE,F,29,EMPLOYED,9617,0.2623,0.5281,0,false,15,723,250+,PAID_SEARCH,standard application,798,0.0333,0
C000929,2025-11-27,TEST,DE,APP,M,35,EMPLOYED,4639,0.1865,0.7400,0,false,30,775,1-9,PAID_SEARCH,returning customer,761,0.0398,0
C000930,2025-11-28,TEST,DE,APP,F,44,UNEMPLOYED,4344,0.1169,0.6121,1,false,52,599,,CRM,,678,0.2555,1
C000931,2025-11-29,TEST,PL,APP,F,58,RETIRED,1948,0.2010,0.5428,0,true,18,758,,DIRECT,standard application,778,0.0265,0
C000932,2025-11-29,TEST,PL,APP,F,37,EMPLOYED,9788,0.1463,0.3151,0,true,24,741,1-9,ORGANIC,standard application,818,0.0136,0
C000933,2025-11-30,TEST,SE,APP,F,35,EMPLOYED,6163,0.2954,0.0523,0,false,95,682,1-9,PAID_SEARCH,manual review requested,814,0.0187,0
C000934,2025-12-01,TEST,PL,APP,M,51,EMPLOYED,6299,0.2303,0.4519,0,false,97,629,50-249,PAID_SEARCH,returning customer,840,0.0424,0
C000935,2025-12-02,TEST,PL,WEB,M,20,STUDENT,3044,0.2212,0.3473,0,false,0,701,,ORGANIC,standard application,811,0.0478,0
C000936,2025-12-02,TEST,PL,APP,F,60,EMPLOYED,7699,0.0757,0.5019,0,true,98,693,10-49,ORGANIC,standard application,803,0.0198,0
C000937,2025-12-03,TEST,NL,WEB,F,53,RETIRED,5092,0.2474,0.4127,1,true,58,522,,CRM,standard application,768,0.1466,1
C000938,2025-12-04,TEST,DE,APP,M,18,EMPLOYED,6980,0.2623,0.3545,0,false,7,723,10-49,ORGANIC,standard application,808,0.0303,0
C000939,2025-12-05,TEST,PL,WEB,F,40,EMPLOYED,6131,0.2248,0.5435,0,true,9,752,10-49,PAID_SEARCH,income verification pending,809,0.0285,0
C000940,2025-12-05,TEST,PL,PARTNER,M,18,EMPLOYED,7117,0.2933,0.4292,1,false,38,623,50-249,PAID_SEARCH,,745,0.1271,0
C000941,2025-12-06,TEST,NL,APP,M,52,EMPLOYED,5735,0.2242,0.0000,0,true,58,733,250+,ORGANIC,standard application,805,0.0090,0
C000942,2025-12-07,TEST,SE,APP,M,52,STUDENT,6497,0.3121,0.2938,0,false,103,668,,,,764,0.0358,0
C000943,2025-12-08,TEST,PL,STORE,M,37,EMPLOYED,5854,0.1967,0.6890,0,true,96,640,50-249,PAID_SEARCH,,802,0.0723,0
C000944,2025-12-08,TEST,PL,APP,F,53,EMPLOYED,9511,0.3721,0.2796,0,true,126,691,50-249,,standard application,830,0.0227,0
C000945,2025-12-09,TEST,PL,WEB,M,35,EMPLOYED,3670,0.2389,0.0000,0,false,24,649,250+,ORGANIC,manual review requested,813,0.0207,0
C000946,2025-12-10,TEST,DE,APP,F,45,UNEMPLOYED,4465,0.3258,0.1571,0,false,71,690,,PAID_SEARCH,,831,0.0525,0
C000947,2025-12-11,TEST,PL,APP,F,54,EMPLOYED,7615,0.2892,0.1628,0,false,33,614,250+,CRM,income verification pending,788,0.0257,0
C000948,2025-12-11,TEST,DE,WEB,M,42,SELF_EMPLOYED,7779,0.1112,0.3920,1,true,65,652,10-49,ORGANIC,standard application,836,0.0528,0
C000949,2025-12-12,TEST,PL,APP,X,55,EMPLOYED,10437,0.0865,0.0472,0,false,21,769,50-249,PAID_SEARCH,standard application,812,0.0045,0
C000950,2025-12-13,TEST,PL,PARTNER,M,31,RETIRED,5307,0.1458,0.5107,0,false,94,671,,PAID_SEARCH,standard application,832,0.0421,0
C000951,2025-12-14,TEST,PL,STORE,M,32,EMPLOYED,6960,0.3566,0.2358,0,false,30,724,1-9,ORGANIC,income verification pending,817,0.0242,0
C000952,2025-12-14,TEST,PL,APP,M,49,EMPLOYED,9566,0.0200,0.0270,0,false,44,694,10-49,CRM,,826,0.0066,0
C000953,2025-12-15,TEST,PL,STORE,F,43,EMPLOYED,8518,0.3140,0.2655,0,true,71,839,250+,CRM,standard application,831,0.0097,0
C000954,2025-12-16,TEST,DE,PARTNER,F,35,SELF_EMPLOYED,8537,0.3184,0.1581,0,true,24,652,1-9,DIRECT,returning customer,796,0.0258,0
C000955,2025-12-17,TEST,DE,APP,F,54,EMPLOYED,7736,0.1230,0.4771,0,true,110,615,1-9,DIRECT,returning customer,762,0.0349,0
C000956,2025-12-17,TEST,DE,APP,M,75,EMPLOYED,7090,0.2015,0.4786,0,true,76,695,250+,ORGANIC,standard application,800,0.0209,0
C000957,2025-12-18,TEST,PL,WEB,F,39,SELF_EMPLOYED,6318,0.3845,0.2418,0,false,41,770,10-49,ORGANIC,returning customer,814,0.0189,0
C000958,2025-12-19,TEST,SE,PARTNER,F,46,SELF_EMPLOYED,7994,0.3438,0.4939,0,true,20,670,1-9,DIRECT,standard application,787,0.0445,0
C000959,2025-12-20,TEST,NL,STORE,F,42,EMPLOYED,,0.1330,0.5188,0,false,46,653,250+,PAID_SEARCH,,809,0.0410,0
C000960,2025-12-20,TEST,PL,WEB,M,43,EMPLOYED,8125,0.1490,0.3140,0,true,0,603,50-249,AFFILIATE,standard application,835,0.0313,0
C000961,2025-12-21,TEST,PL,APP,M,32,EMPLOYED,7063,0.2437,0.6074,0,true,34,776,10-49,,returning customer,827,0.0307,0
C000962,2025-12-22,TEST,PL,APP,M,53,STUDENT,800,0.3812,0.3228,0,false,79,640,,DIRECT,,812,0.0681,0
C000963,2025-12-23,TEST,PL,WEB,M,50,EMPLOYED,5269,0.2871,0.3984,0,false,57,651,50-249,DIRECT,income verification pending,812,0.0401,0
C000964,2025-12-23,TEST,SE,APP,M,31,EMPLOYED,5720,0.1850,0.5604,0,false,0,715,50-249,CRM,returning customer,777,0.0383,0
C000965,2025-12-24,TEST,DE,APP,F,47,EMPLOYED,,0.0889,0.4302,0,true,58,637,250+,CRM,manual review requested,805,0.0323,0
C000966,2025-12-25,TEST,DE,APP,M,37,SELF_EMPLOYED,9553,0.0973,0.3709,0,true,32,555,1-9,PAID_SEARCH,returning customer,796,0.0416,0
C000967,2025-12-26,TEST,PL,PARTNER,F,39,EMPLOYED,4391,0.0933,0.6164,0,true,61,672,50-249,PAID_SEARCH,standard application,771,0.0448,0
C000968,2025-12-26,TEST,PL,PARTNER,M,39,EMPLOYED,8135,0.2407,0.6399,0,false,47,663,10-49,ORGANIC,income verification pending,765,0.0546,0
C000969,2025-12-27,TEST,DE,APP,X,49,EMPLOYED,10519,0.1797,0.5736,0,true,15,643,250+,PAID_SEARCH,standard application,807,0.0372,0
C000970,2025-12-28,TEST,PL,WEB,F,19,EMPLOYED,8245,0.1118,0.4948,0,false,0,,,AFFILIATE,standard application,816,0.0447,0
C000971,2025-12-29,TEST,DE,PARTNER,M,28,SELF_EMPLOYED,10445,0.1507,0.6966,0,false,50,617,1-9,PAID_SEARCH,standard application,768,0.0667,0
C000972,2025-12-29,TEST,DE,WEB,F,46,SELF_EMPLOYED,,0.1822,0.2562,0,false,97,705,1-9,ORGANIC,manual review requested,809,0.0184,0
C000973,2025-12-30,TEST,DE,STORE,M,48,EMPLOYED,7532,0.3334,1.0000,0,false,89,696,1-9,ORGANIC,,745,0.1038,1
C000974,2025-12-31,TEST,SE,APP,M,47,STUDENT,3987,0.2410,0.5772,0,false,76,610,,PAID_SEARCH,standard application,773,0.0923,0
C000975,2026-01-01,TEST,PL,PARTNER,M,43,SELF_EMPLOYED,9372,0.2262,0.5741,0,false,27,,1-9,DIRECT,standard application,809,0.0473,0
C000976,2026-01-01,TEST,PL,PARTNER,F,64,STUDENT,5411,0.2050,0.2802,1,true,47,709,,ORGANIC,,806,0.0408,1
C000977,2026-01-02,TEST,PL,APP,F,51,EMPLOYED,8368,0.4669,0.3868,1,false,63,509,50-249,PAID_SEARCH,standard application,739,0.1925,0
C000978,2026-01-03,TEST,PL,PARTNER,F,63,EMPLOYED,6958,0.2740,0.3144,0,false,86,632,50-249,AFFILIATE,standard application,843,0.0288,0
C000979,2026-01-04,TEST,PL,WEB,M,39,EMPLOYED,6937,0.2807,0.0000,0,false,0,696,50-249,ORGANIC,standard application,805,0.0137,0
C000980,2026-01-04,TEST,PL,APP,F,41,EMPLOYED,5898,0.4470,0.3394,0,false,0,631,1-9,PAID_SEARCH,returning customer,783,0.0588,0
C000981,2026-01-05,TEST,NL,APP,M,55,EMPLOYED,4928,0.1816,0.3434,0,false,69,646,50-249,PAID_SEARCH,standard application,799,0.0285,0
C000982,2026-01-06,TEST,NL,APP,F,19,EMPLOYED,7559,0.2483,0.2384,1,false,60,571,250+,CRM,standard application,761,0.1038,0
C000983,2026-01-07,TEST,DE,WEB,F,60,EMPLOYED,6649,0.1777,0.5462,1,false,55,671,250+,CRM,standard application,782,0.0639,0
C000984,2026-01-07,TEST,PL,WEB,F,59,RETIRED,5052,0.1114,0.6627,1,false,91,660,,AFFILIATE,income verification pending,782,0.0826,0
C000985,2026-01-08,OOT,SE,APP,M,46,EMPLOYED,7458,0.2747,0.3612,0,false,36,643,250+,ORGANIC,standard application,824,0.0428,0
C000986,2026-01-09,OOT,SE,WEB,F,46,EMPLOYED,5432,0.3854,0.4390,1,false,123,642,50-249,PAID_SEARCH,,776,0.1336,0
C000987,2026-01-10,OOT,DE,WEB,M,30,EMPLOYED,5817,0.2568,0.4549,1,false,14,641,50-249,ORGANIC,returning customer,740,0.1269,0
C000988,2026-01-10,OOT,NL,PARTNER,F,38,EMPLOYED,6911,0.1977,0.5253,0,true,33,649,250+,DIRECT,returning customer,772,0.0560,1
C000989,2026-01-11,OOT,SE,APP,F,23,SELF_EMPLOYED,,0.3155,0.7718,0,false,0,691,1-9,PAID_SEARCH,standard application,769,0.1165,0
C000990,2026-01-12,OOT,PL,STORE,M,62,EMPLOYED,4704,0.2389,0.6757,0,true,51,,10-49,AFFILIATE,,782,0.0739,0
C000991,2026-01-13,OOT,PL,APP,F,31,UNEMPLOYED,3527,0.4798,0.7199,1,false,0,603,,ORGANIC,returning customer,528,0.5500,1
C000992,2026-01-13,OOT,NL,PARTNER,M,34,EMPLOYED,4623,0.3140,0.3899,1,false,85,655,10-49,PAID_SEARCH,standard application,766,0.1177,1
C000993,2026-01-14,OOT,SE,STORE,M,54,EMPLOYED,8391,0.3515,0.2499,0,true,57,614,10-49,PAID_SEARCH,standard application,796,0.0408,0
C000994,2026-01-15,OOT,PL,WEB,F,35,EMPLOYED,6132,0.0420,0.3550,0,true,47,720,1-9,,standard application,783,0.0205,0
C000995,2026-01-16,OOT,DE,STORE,M,64,EMPLOYED,7992,0.5624,0.5621,0,false,163,630,10-49,ORGANIC,standard application,782,0.0964,0
C000996,2026-01-16,OOT,DE,WEB,F,39,EMPLOYED,6640,0.2640,0.7017,0,true,39,592,250+,,standard application,758,0.1232,0
C000997,2026-01-17,OOT,DE,APP,M,22,RETIRED,7692,0.1738,0.3592,0,false,0,,,PAID_SEARCH,standard application,807,0.0461,0
C000998,2026-01-18,OOT,PL,PARTNER,M,56,EMPLOYED,6908,0.0898,0.4703,0,false,154,520,250+,,returning customer,761,0.0684,0
C000999,2026-01-19,OOT,NL,PARTNER,F,26,EMPLOYED,3919,0.3821,0.5384,0,false,0,664,50-249,ORGANIC,returning customer,753,0.1005,0
C001000,2026-01-19,OOT,PL,WEB,F,29,EMPLOYED,8728,0.2383,0.7654,0,false,46,671,250+,DIRECT,standard application,759,0.0872,0
C001001,2026-01-20,OOT,SE,PARTNER,M,52,EMPLOYED,,0.3651,0.4864,0,false,84,714,250+,CRM,standard application,781,0.0465,0
C001002,2026-01-21,OOT,DE,APP,F,45,EMPLOYED,6250,0.2252,0.4004,0,true,0,716,250+,CRM,standard application,831,0.0297,0
C001003,2026-01-22,OOT,DE,WEB,M,28,EMPLOYED,7032,0.3232,0.6105,0,false,37,627,1-9,ORGANIC,standard application,734,0.1059,0
C001004,2026-01-22,OOT,PL,WEB,M,61,SELF_EMPLOYED,8882,0.2798,0.3423,0,true,100,691,1-9,PAID_SEARCH,standard application,821,0.0245,0
C001005,2026-01-23,OOT,NL,WEB,F,37,EMPLOYED,4594,0.2588,0.3402,1,false,60,626,10-49,ORGANIC,standard application,762,0.1093,0
C001006,2026-01-24,OOT,NL,APP,M,33,EMPLOYED,9504,0.1858,0.0000,0,true,32,632,250+,AFFILIATE,standard application,813,0.0187,0
C001007,2026-01-25,OOT,SE,WEB,F,61,RETIRED,6832,0.1271,0.5574,0,false,57,592,,ORGANIC,returning customer,762,0.0555,0
C001008,2026-01-25,OOT,PL,WEB,F,36,SELF_EMPLOYED,11366,0.3163,0.1729,0,true,60,767,1-9,,,819,0.0139,0
C001009,2026-01-26,OOT,NL,APP,M,52,EMPLOYED,5174,0.2218,0.3030,1,false,46,618,10-49,CRM,standard application,758,0.0817,0
C001010,2026-01-27,OOT,PL,WEB,M,31,SELF_EMPLOYED,8501,0.2428,0.9419,0,false,30,622,1-9,PAID_SEARCH,,746,0.1575,0
C001011,2026-01-28,OOT,PL,PARTNER,M,39,UNEMPLOYED,,0.3837,0.6182,0,false,29,699,,CRM,standard application,741,0.1675,0
C001012,2026-01-28,OOT,PL,WEB,F,32,EMPLOYED,6647,0.3705,0.0890,0,true,0,697,10-49,DIRECT,,811,0.0265,0
C001013,2026-01-29,OOT,DE,WEB,F,27,EMPLOYED,6390,0.1801,0.3759,0,false,58,613,250+,AFFILIATE,standard application,802,0.0570,0
C001014,2026-01-30,OOT,DE,PARTNER,M,48,EMPLOYED,5891,0.3317,0.1634,0,false,68,690,250+,PAID_SEARCH,standard application,831,0.0258,0
C001015,2026-01-31,OOT,PL,APP,F,42,EMPLOYED,5132,0.2184,0.3740,0,false,32,618,10-49,DIRECT,standard application,786,0.0536,0
C001016,2026-01-31,OOT,DE,PARTNER,M,38,EMPLOYED,5452,0.0465,0.5155,0,true,42,687,1-9,ORGANIC,standard application,818,0.0352,0
C001017,2026-02-01,OOT,PL,APP,F,43,SELF_EMPLOYED,11511,0.3990,0.5724,0,false,87,690,1-9,ORGANIC,returning customer,783,0.0541,0
C001018,2026-02-02,OOT,NL,APP,M,31,EMPLOYED,7917,0.2232,0.7219,0,false,0,655,50-249,PAID_SEARCH,manual review requested,784,0.0865,0
C001019,2026-02-03,OOT,PL,PARTNER,M,54,EMPLOYED,7828,0.4097,0.2261,0,true,85,671,250+,AFFILIATE,standard application,826,0.0324,0
C001020,2026-02-03,OOT,DE,APP,M,45,SELF_EMPLOYED,10644,0.2712,0.5155,1,false,76,536,,DIRECT,returning customer,742,0.1703,0
C001021,2026-02-04,OOT,SE,WEB,M,18,EMPLOYED,8219,0.3318,0.3235,0,false,22,,250+,DIRECT,standard application,814,0.0598,0
C001022,2026-02-05,OOT,SE,PARTNER,M,38,EMPLOYED,6427,0.1594,0.6021,0,false,74,680,10-49,CRM,standard application,797,0.0521,0
C001023,2026-02-06,OOT,SE,APP,M,49,SELF_EMPLOYED,9270,0.3490,0.4864,0,true,71,668,1-9,ORGANIC,standard application,787,0.0489,0
C001024,2026-02-06,OOT,DE,WEB,M,34,EMPLOYED,8161,0.3248,0.4014,0,true,0,691,50-249,ORGANIC,returning customer,831,0.0432,1
C001025,2026-02-07,OOT,PL,APP,M,51,EMPLOYED,6227,0.2747,0.5055,0,true,33,598,10-49,DIRECT,returning customer,777,0.0745,0
C001026,2026-02-08,OOT,DE,APP,M,60,EMPLOYED,7114,0.1887,0.3015,0,false,151,565,50-249,PAID_SEARCH,standard application,790,0.0432,0
C001027,2026-02-09,OOT,NL,STORE,M,34,EMPLOYED,5449,0.2830,0.3265,1,false,63,595,10-49,ORGANIC,standard application,753,0.1299,1
C001028,2026-02-09,OOT,DE,PARTNER,F,42,UNEMPLOYED,5192,0.4278,0.5312,0,false,26,623,,AFFILIATE,,695,0.2181,0
C001029,2026-02-10,OOT,PL,STORE,M,41,SELF_EMPLOYED,8211,0.2601,0.1807,1,false,24,622,1-9,AFFILIATE,returning customer,762,0.0653,1
C001030,2026-02-11,OOT,NL,STORE,F,32,EMPLOYED,9624,0.0818,0.5956,0,true,100,,250+,CRM,standard application,760,0.0502,0
C001031,2026-02-12,OOT,PL,WEB,M,33,SELF_EMPLOYED,9913,0.1795,0.4519,0,true,59,672,10-49,ORGANIC,income verification pending,781,0.0368,0
C001032,2026-02-12,OOT,PL,APP,F,56,EMPLOYED,5919,0.3095,0.7430,0,false,78,691,250+,DIRECT,returning customer,791,0.0734,0
C001033,2026-02-13,OOT,PL,WEB,F,29,STUDENT,5184,0.2625,0.6030,0,false,19,634,,,,759,0.1214,0
C001034,2026-02-14,OOT,PL,APP,F,48,EMPLOYED,5821,0.2823,0.5242,0,true,67,697,50-249,,standard application,805,0.0475,0
C001035,2026-02-15,OOT,DE,PARTNER,F,45,EMPLOYED,7003,0.1791,0.3157,1,true,51,590,10-49,PAID_SEARCH,standard application,794,0.0887,0
C001036,2026-02-15,OOT,PL,WEB,F,32,SELF_EMPLOYED,7270,0.3740,0.2545,0,false,35,659,1-9,ORGANIC,standard application,800,0.0454,0
C001037,2026-02-16,OOT,SE,APP,F,41,SELF_EMPLOYED,6767,0.2115,0.3532,0,true,39,711,1-9,ORGANIC,standard application,813,0.0275,0
C001038,2026-02-17,OOT,NL,APP,F,28,EMPLOYED,6129,0.3107,0.4318,0,false,0,611,10-49,AFFILIATE,,764,0.0833,0
C001039,2026-02-18,OOT,PL,APP,F,35,RETIRED,4257,0.3521,0.5635,0,false,69,639,,DIRECT,standard application,758,0.1018,0
C001040,2026-02-18,OOT,DE,PARTNER,M,39,EMPLOYED,5858,0.3338,0.0343,1,false,11,589,50-249,DIRECT,,774,0.0780,0
C001041,2026-02-19,OOT,PL,APP,F,49,EMPLOYED,3937,0.0522,0.2737,0,false,89,671,10-49,DIRECT,standard application,831,0.0225,0
C001042,2026-02-20,OOT,NL,APP,F,36,EMPLOYED,,0.2537,0.3678,1,false,65,588,250+,,standard application,721,0.1368,0
C001043,2026-02-21,OOT,NL,APP,M,48,EMPLOYED,6076,0.3494,0.4194,0,false,27,639,1-9,ORGANIC,returning customer,787,0.0602,1
C001044,2026-02-21,OOT,PL,APP,M,37,SELF_EMPLOYED,6906,0.1765,0.5320,0,false,52,622,10-49,ORGANIC,returning customer,771,0.0641,0
C001045,2026-02-22,OOT,PL,APP,M,40,UNEMPLOYED,800,0.5994,0.2257,0,false,90,672,,PAID_SEARCH,standard application,727,0.1677,0
C001046,2026-02-23,OOT,PL,WEB,M,41,EMPLOYED,6011,0.2443,0.1987,0,false,121,674,1-9,ORGANIC,standard application,802,0.0275,0
C001047,2026-02-24,OOT,NL,PARTNER,M,42,EMPLOYED,6822,0.1855,0.6221,0,false,0,746,,PAID_SEARCH,returning customer,806,0.0367,0
C001048,2026-02-24,OOT,SE,PARTNER,F,36,EMPLOYED,7894,0.1447,0.3537,1,false,54,560,50-249,AFFILIATE,,753,0.1109,1
C001049,2026-02-25,OOT,NL,APP,M,39,EMPLOYED,9208,0.1845,0.5030,0,true,11,685,50-249,ORGANIC,standard application,820,0.0371,0
C001050,2026-02-26,OOT,SE,WEB,F,51,STUDENT,3753,0.2836,0.2251,0,false,79,764,,ORGANIC,standard application,846,0.0238,0
C001051,2026-02-27,OOT,DE,PARTNER,M,27,STUDENT,3985,0.4655,0.6220,0,false,18,606,,ORGANIC,returning customer,707,0.2220,1
C001052,2026-02-27,OOT,DE,STORE,F,41,SELF_EMPLOYED,6846,0.2714,0.3270,0,true,68,757,1-9,ORGANIC,standard application,797,0.0224,0
C001053,2026-02-28,OOT,NL,PARTNER,M,33,EMPLOYED,8309,0.3358,0.5825,0,true,26,710,1-9,ORGANIC,standard application,801,0.0576,0
C001054,2026-03-01,OOT,PL,APP,M,18,EMPLOYED,3967,0.1969,0.7956,0,false,0,581,250+,DIRECT,standard application,709,0.1921,0
C001055,2026-03-02,OOT,DE,APP,F,27,EMPLOYED,5595,0.1926,0.3938,0,false,1,701,10-49,AFFILIATE,,798,0.0382,0
C001056,2026-03-02,OOT,SE,APP,F,49,UNEMPLOYED,800,0.2568,0.6651,0,true,30,721,,ORGANIC,returning customer,747,0.1445,1
C001057,2026-03-03,OOT,DE,PARTNER,M,35,EMPLOYED,7434,0.3029,0.3128,0,false,18,,10-49,PAID_SEARCH,,778,0.0474,0
C001058,2026-03-04,OOT,PL,PARTNER,F,25,EMPLOYED,,0.2138,0.6085,0,true,46,613,50-249,AFFILIATE,standard application,772,0.1046,0
C001059,2026-03-05,OOT,PL,WEB,F,48,EMPLOYED,6645,0.1972,0.6195,0,true,42,609,250+,ORGANIC,,786,0.0766,0
C001060,2026-03-05,OOT,NL,WEB,M,45,SELF_EMPLOYED,8304,0.3848,0.6740,1,true,76,569,1-9,PAID_SEARCH,standard application,701,0.2547,0
C001061,2026-03-06,OOT,DE,WEB,F,27,EMPLOYED,8850,0.3557,0.5014,1,false,78,585,250+,ORGANIC,,705,0.1953,1
C001062,2026-03-07,OOT,PL,WEB,F,24,EMPLOYED,6425,0.1461,0.4562,0,false,34,,250+,PAID_SEARCH,,778,0.0555,0
C001063,2026-03-08,OOT,SE,WEB,F,43,SELF_EMPLOYED,8005,0.1327,0.6096,0,false,86,728,1-9,ORGANIC,returning customer,771,0.0331,0
C001064,2026-03-08,OOT,NL,PARTNER,M,67,EMPLOYED,5479,0.4194,0.4776,0,true,70,711,250+,AFFILIATE,standard application,785,0.0429,1
C001065,2026-03-09,OOT,DE,PARTNER,M,21,EMPLOYED,4761,0.2706,0.3473,0,false,48,607,250+,,standard application,786,0.0772,0
C001066,2026-03-10,OOT,PL,WEB,M,18,EMPLOYED,7713,0.3233,0.2061,0,false,76,,50-249,ORGANIC,manual review requested,787,0.0475,0
C001067,2026-03-11,OOT,DE,APP,M,30,EMPLOYED,6847,0.2382,0.4965,1,false,6,623,250+,ORGANIC,standard application,707,0.1386,0
C001068,2026-03-11,OOT,PL,WEB,M,39,EMPLOYED,8222,0.1724,0.6471,0,false,51,662,50-249,ORGANIC,standard application,804,0.0585,0
C001069,2026-03-12,OOT,PL,APP,F,35,EMPLOYED,8556,0.2100,0.1401,0,false,0,698,10-49,PAID_SEARCH,standard application,819,0.0184,0
C001070,2026-03-13,OOT,DE,APP,F,43,EMPLOYED,6296,0.0200,0.3240,0,false,54,599,10-49,ORGANIC,,798,0.0336,0
C001071,2026-03-14,OOT,PL,APP,M,32,SELF_EMPLOYED,,0.3686,0.1991,0,false,39,725,1-9,AFFILIATE,,782,0.0305,0
C001072,2026-03-14,OOT,SE,PARTNER,M,47,SELF_EMPLOYED,9871,0.4576,0.5708,0,true,36,633,1-9,CRM,manual review requested,791,0.0865,0
C001073,2026-03-15,OOT,SE,APP,F,48,EMPLOYED,5221,0.3971,0.4779,0,true,31,700,10-49,ORGANIC,standard application,807,0.0551,0
C001074,2026-03-16,OOT,SE,APP,F,38,EMPLOYED,6019,0.2954,0.4718,0,false,21,657,250+,AFFILIATE,,772,0.0610,0
C001075,2026-03-17,OOT,DE,PARTNER,M,43,EMPLOYED,6443,0.1902,0.6743,1,true,0,591,250+,DIRECT,standard application,711,0.1844,0
C001076,2026-03-17,OOT,DE,APP,F,48,EMPLOYED,5383,0.3032,0.5874,0,true,63,744,50-249,PAID_SEARCH,standard application,744,0.0441,0
C001077,2026-03-18,OOT,PL,WEB,M,28,EMPLOYED,7619,0.1233,0.3247,1,false,28,651,10-49,DIRECT,standard application,789,0.0676,0
C001078,2026-03-19,OOT,PL,APP,M,56,RETIRED,4314,0.3032,0.0795,0,false,12,723,,ORGANIC,standard application,825,0.0166,0
C001079,2026-03-20,OOT,PL,PARTNER,F,68,EMPLOYED,5203,0.2681,0.5064,0,false,87,527,250+,DIRECT,income verification pending,751,0.0952,0
C001080,2026-03-20,OOT,DE,STORE,F,44,UNEMPLOYED,,0.3079,0.7041,0,true,69,644,,PAID_SEARCH,standard application,719,0.2129,0
C001081,2026-03-21,OOT,DE,APP,F,34,EMPLOYED,8377,0.3375,0.3245,0,true,2,593,50-249,PAID_SEARCH,,764,0.0654,0
C001082,2026-03-22,OOT,DE,APP,F,28,SELF_EMPLOYED,8539,0.4106,0.5262,0,true,3,598,1-9,ORGANIC,standard application,746,0.1151,0
C001083,2026-03-23,OOT,PL,PARTNER,M,27,EMPLOYED,7397,0.3582,0.2858,0,false,65,743,250+,DIRECT,standard application,835,0.0304,0
C001084,2026-03-23,OOT,DE,APP,F,52,UNEMPLOYED,2513,0.1647,0.3384,0,false,99,633,,ORGANIC,standard application,763,0.0931,1
C001085,2026-03-24,OOT,PL,APP,F,31,EMPLOYED,5334,0.3483,0.1776,0,true,35,650,50-249,PAID_SEARCH,manual review requested,803,0.0434,0
C001086,2026-03-25,OOT,PL,APP,M,57,EMPLOYED,9248,0.2884,0.5243,0,true,42,609,250+,DIRECT,income verification pending,805,0.0599,0
C001087,2026-03-26,OOT,DE,WEB,M,30,UNEMPLOYED,,0.3178,0.6359,0,false,22,738,,DIRECT,standard application,752,0.1383,0
C001088,2026-03-26,OOT,PL,APP,F,27,EMPLOYED,5201,0.4358,0.5993,0,false,50,593,250+,CRM,standard application,723,0.1674,0
C001089,2026-03-27,OOT,PL,PARTNER,M,24,EMPLOYED,7141,0.1888,0.2409,0,true,14,609,1-9,ORGANIC,standard application,768,0.0448,1
C001090,2026-03-28,OOT,PL,WEB,F,42,EMPLOYED,2402,0.3185,0.6623,0,false,80,655,50-249,PAID_SEARCH,,784,0.1078,0
C001091,2026-03-29,OOT,PL,APP,F,29,EMPLOYED,8165,0.2352,0.4871,0,false,30,651,1-9,ORGANIC,standard application,770,0.0572,0
C001092,2026-03-29,OOT,PL,APP,F,43,STUDENT,3016,0.3593,0.5161,0,false,27,647,,PAID_SEARCH,,732,0.1101,0
C001093,2026-03-30,OOT,PL,APP,F,40,EMPLOYED,8073,0.1530,0.3852,0,false,86,677,1-9,ORGANIC,income verification pending,806,0.0300,0
C001094,2026-03-31,OOT,DE,WEB,F,66,EMPLOYED,4806,0.1430,0.5123,1,false,141,737,250+,CRM,standard application,821,0.0476,0
C001095,2026-04-01,OOT,PL,WEB,F,41,EMPLOYED,6333,0.4369,0.2524,1,false,63,655,50-249,AFFILIATE,standard application,805,0.0971,0
C001096,2026-04-01,OOT,PL,WEB,M,18,EMPLOYED,9764,0.2926,0.3616,0,false,0,605,,CRM,standard application,756,0.0672,1
C001097,2026-04-02,OOT,PL,APP,F,47,RETIRED,3332,0.1256,0.3362,2,false,56,,,PAID_SEARCH,standard application,760,0.1418,0
C001098,2026-04-03,OOT,NL,WEB,F,43,EMPLOYED,9547,0.1718,0.4606,0,false,33,675,50-249,ORGANIC,standard application,786,0.0329,0
C001099,2026-04-04,OOT,PL,APP,F,35,EMPLOYED,10451,0.3680,0.5945,0,false,46,725,50-249,PAID_SEARCH,,796,0.0505,0
C001100,2026-04-04,OOT,DE,WEB,F,37,EMPLOYED,5025,0.0769,0.4944,0,false,32,685,10-49,PAID_SEARCH,standard application,783,0.0375,0
C001101,2026-04-05,OOT,SE,WEB,M,35,SELF_EMPLOYED,8676,0.1588,0.7269,0,false,0,726,1-9,AFFILIATE,standard application,791,0.0476,0
C001102,2026-04-06,OOT,PL,WEB,F,28,EMPLOYED,5327,0.2435,0.3664,0,false,33,690,50-249,CRM,returning customer,780,0.0427,0
C001103,2026-04-07,OOT,DE,PARTNER,M,44,EMPLOYED,7972,0.3132,0.4780,0,false,4,582,1-9,AFFILIATE,returning customer,751,0.0822,0
C001104,2026-04-07,OOT,DE,WEB,M,30,EMPLOYED,4587,0.1364,0.5264,0,true,23,569,50-249,AFFILIATE,standard application,776,0.0955,0
C001105,2026-04-08,OOT,SE,APP,F,37,EMPLOYED,9870,0.1576,0.0786,1,false,57,654,1-9,CRM,returning customer,797,0.0345,0
C001106,2026-04-09,OOT,PL,APP,M,32,EMPLOYED,7831,0.3101,0.3546,0,true,72,608,10-49,CRM,standard application,783,0.0636,0
C001107,2026-04-10,OOT,PL,APP,F,57,EMPLOYED,7502,0.3116,0.6964,0,false,58,695,50-249,DIRECT,returning customer,786,0.0598,0
C001108,2026-04-10,OOT,PL,PARTNER,F,48,EMPLOYED,7850,0.1111,0.7084,1,true,51,628,250+,PAID_SEARCH,returning customer,758,0.1257,0
C001109,2026-04-11,OOT,PL,APP,M,18,STUDENT,,0.1408,0.8944,0,true,0,761,,CRM,returning customer,745,0.0963,0
C001110,2026-04-12,OOT,PL,APP,M,39,EMPLOYED,6425,0.0645,0.4150,0,false,68,698,50-249,ORGANIC,,809,0.0260,0
C001111,2026-04-13,OOT,PL,WEB,M,35,EMPLOYED,4888,0.2172,0.4164,1,true,7,535,10-49,DIRECT,standard application,715,0.1873,0
C001112,2026-04-13,OOT,PL,APP,M,75,EMPLOYED,5429,0.1669,0.8039,0,false,133,746,1-9,AFFILIATE,returning customer,793,0.0378,0
C001113,2026-04-14,OOT,PL,APP,F,55,EMPLOYED,5054,0.3506,0.6173,0,false,121,677,,DIRECT,returning customer,773,0.0707,0
C001114,2026-04-15,OOT,PL,PARTNER,F,28,SELF_EMPLOYED,8993,0.0689,0.6268,1,false,0,564,1-9,CRM,returning customer,765,0.1621,0
C001115,2026-04-16,OOT,PL,PARTNER,M,31,EMPLOYED,6127,0.2746,0.4834,0,true,51,687,250+,DIRECT,,795,0.0544,0
C001116,2026-04-16,OOT,DE,WEB,F,40,EMPLOYED,7763,0.3459,0.7224,0,true,61,697,250+,PAID_SEARCH,standard application,804,0.0795,0
C001117,2026-04-17,OOT,DE,APP,F,55,EMPLOYED,5300,0.4083,0.7633,0,true,66,587,1-9,,standard application,750,0.1659,1
C001118,2026-04-18,OOT,DE,WEB,F,38,RETIRED,,0.2875,0.8549,0,false,18,512,,DIRECT,standard application,688,0.2665,0
C001119,2026-04-19,OOT,PL,APP,F,47,EMPLOYED,4633,0.2241,0.2606,0,false,106,680,50-249,ORGANIC,returning customer,831,0.0291,0
C001120,2026-04-19,OOT,SE,PARTNER,F,45,EMPLOYED,6254,0.1964,0.1539,0,false,102,669,250+,PAID_SEARCH,,787,0.0220,0
C001121,2026-04-20,OOT,PL,WEB,F,66,EMPLOYED,7559,0.2423,0.6371,0,false,91,612,10-49,PAID_SEARCH,standard application,775,0.0665,0
C001122,2026-04-21,OOT,PL,APP,F,39,SELF_EMPLOYED,7985,0.2243,0.5695,0,true,44,691,1-9,ORGANIC,standard application,791,0.0475,0
C001123,2026-04-22,OOT,PL,WEB,M,29,RETIRED,6038,0.1328,0.7541,1,false,0,687,,ORGANIC,,749,0.1392,0
C001124,2026-04-22,OOT,PL,APP,M,49,SELF_EMPLOYED,10351,0.2509,0.3589,0,true,74,623,1-9,,standard application,793,0.0378,0
C001125,2026-04-23,OOT,PL,WEB,F,34,SELF_EMPLOYED,8546,0.1622,0.5587,0,false,80,576,1-9,DIRECT,standard application,773,0.0807,0
C001126,2026-04-24,OOT,PL,WEB,M,35,SELF_EMPLOYED,11870,0.2461,0.3537,1,true,46,626,1-9,DIRECT,manual review requested,749,0.0779,0
C001127,2026-04-25,OOT,DE,APP,M,54,EMPLOYED,6178,0.1743,0.5468,1,true,116,643,250+,PAID_SEARCH,standard application,770,0.0976,0
C001128,2026-04-25,OOT,PL,APP,F,32,EMPLOYED,7899,0.2895,0.6565,1,true,39,610,1-9,PAID_SEARCH,returning customer,736,0.2012,0
C001129,2026-04-26,OOT,NL,WEB,M,50,EMPLOYED,6844,0.2687,0.2964,0,false,91,603,1-9,DIRECT,income verification pending,784,0.0460,0
C001130,2026-04-27,OOT,PL,PARTNER,M,49,UNEMPLOYED,2807,0.0873,0.5994,0,false,91,668,,CRM,standard application,747,0.1122,0
C001131,2026-04-28,OOT,PL,APP,M,37,EMPLOYED,7054,0.0836,0.3618,0,false,58,661,1-9,ORGANIC,standard application,762,0.0298,0
C001132,2026-04-28,OOT,NL,APP,F,51,SELF_EMPLOYED,7759,0.2822,0.4420,0,true,17,676,1-9,AFFILIATE,standard application,786,0.0395,0
C001133,2026-04-29,OOT,SE,WEB,M,49,EMPLOYED,5908,0.4169,0.4288,0,false,85,798,10-49,PAID_SEARCH,standard application,762,0.0281,0
C001134,2026-04-30,OOT,PL,APP,M,18,EMPLOYED,4598,0.2127,0.2876,0,false,77,,50-249,ORGANIC,standard application,787,0.0530,0
C001135,2026-05-01,OOT,SE,WEB,F,46,EMPLOYED,7623,0.6390,0.7825,1,false,52,635,10-49,,,637,0.3370,1
C001136,2026-05-01,OOT,PL,STORE,F,35,EMPLOYED,9065,0.3454,0.6227,0,false,0,629,10-49,CRM,returning customer,771,0.0938,0
C001137,2026-05-02,OOT,NL,PARTNER,M,20,EMPLOYED,3503,0.2363,0.1978,0,false,0,583,250+,DIRECT,standard application,808,0.0660,0
C001138,2026-05-03,OOT,PL,WEB,F,52,EMPLOYED,8452,0.1554,0.5537,0,false,70,574,10-49,,standard application,788,0.0656,1
C001139,2026-05-04,OOT,DE,APP,M,18,EMPLOYED,7233,0.2893,0.7793,1,false,1,510,250+,AFFILIATE,standard application,624,0.4229,0
C001140,2026-05-04,OOT,NL,APP,F,34,EMPLOYED,7146,0.4708,0.2135,0,false,22,778,1-9,AFFILIATE,standard application,821,0.0251,0
C001141,2026-05-05,OOT,PL,PARTNER,F,41,SELF_EMPLOYED,3692,0.3198,0.1986,1,false,29,586,1-9,CRM,,765,0.1158,1
C001142,2026-05-06,OOT,SE,APP,F,40,RETIRED,2162,0.0909,0.7466,1,false,23,553,,DIRECT,standard application,695,0.2610,0
C001143,2026-05-07,OOT,NL,WEB,M,52,SELF_EMPLOYED,7360,0.3284,0.6288,0,true,105,718,1-9,AFFILIATE,standard application,811,0.0504,0
C001144,2026-05-07,OOT,NL,APP,F,18,EMPLOYED,,0.2570,0.3926,1,false,55,719,10-49,PAID_SEARCH,standard application,780,0.0869,0
C001145,2026-05-08,OOT,SE,WEB,M,18,EMPLOYED,4294,0.1649,0.8823,1,false,10,,10-49,PAID_SEARCH,returning customer,698,0.2751,0
C001146,2026-05-09,OOT,NL,PARTNER,M,43,EMPLOYED,7738,0.2605,0.4059,0,false,83,689,10-49,ORGANIC,returning customer,818,0.0357,0
C001147,2026-05-10,OOT,DE,WEB,F,33,RETIRED,,0.1077,0.3407,0,false,39,561,,PAID_SEARCH,returning customer,818,0.0613,0
C001148,2026-05-10,OOT,PL,WEB,F,51,EMPLOYED,7376,0.2436,0.1973,1,false,18,668,1-9,ORGANIC,returning customer,800,0.0470,0
C001149,2026-05-11,OOT,NL,PARTNER,F,47,EMPLOYED,7216,0.3019,0.3461,0,false,46,604,50-249,PAID_SEARCH,manual review requested,799,0.0549,0
C001150,2026-05-12,OOT,PL,STORE,M,28,UNEMPLOYED,4397,0.2870,0.2604,0,false,51,639,,PAID_SEARCH,,764,0.1151,1
C001151,2026-05-13,OOT,NL,WEB,M,27,EMPLOYED,5978,0.4383,0.4581,0,true,36,670,10-49,ORGANIC,standard application,788,0.0826,0
C001152,2026-05-13,OOT,NL,WEB,F,49,EMPLOYED,6744,0.2230,0.1609,1,true,111,628,250+,AFFILIATE,standard application,781,0.0556,0
C001153,2026-05-14,OOT,PL,WEB,M,42,EMPLOYED,5934,0.4217,0.5698,0,false,35,688,50-249,PAID_SEARCH,returning customer,797,0.0767,0
C001154,2026-05-15,OOT,SE,STORE,F,46,EMPLOYED,7557,0.1058,0.4093,0,false,98,659,50-249,,standard application,781,0.0305,0
C001155,2026-05-16,OOT,SE,APP,M,34,EMPLOYED,3540,0.2770,0.6612,0,true,81,565,50-249,,standard application,750,0.1639,0
C001156,2026-05-16,OOT,DE,APP,M,26,EMPLOYED,6359,0.1732,0.2647,0,false,24,727,50-249,ORGANIC,standard application,795,0.0234,0
C001157,2026-05-17,OOT,NL,PARTNER,F,34,EMPLOYED,6282,0.2473,0.0969,0,false,26,677,1-9,ORGANIC,,802,0.0235,0
C001158,2026-05-18,OOT,SE,PARTNER,F,33,EMPLOYED,5761,0.2222,0.5210,0,true,76,679,50-249,PAID_SEARCH,,773,0.0552,0
C001159,2026-05-19,OOT,DE,APP,M,29,EMPLOYED,3377,0.4200,0.4832,0,false,38,656,1-9,PAID_SEARCH,returning customer,759,0.1008,0
C001160,2026-05-19,OOT,DE,PARTNER,F,36,EMPLOYED,6663,0.2020,0.2405,0,true,56,690,250+,AFFILIATE,standard application,810,0.0257,0
C001161,2026-05-20,OOT,PL,PARTNER,F,44,STUDENT,3720,0.3701,0.8107,0,true,75,620,,CRM,standard application,713,0.2104,1
C001162,2026-05-21,OOT,PL,APP,M,28,EMPLOYED,9370,0.1514,0.4403,2,true,16,543,1-9,DIRECT,standard application,689,0.2602,0
C001163,2026-05-22,OOT,PL,APP,M,42,RETIRED,800,0.3235,0.4826,0,false,71,643,,PAID_SEARCH,,775,0.0887,0
C001164,2026-05-22,OOT,DE,APP,F,24,EMPLOYED,7101,0.1858,0.2248,0,false,10,641,1-9,PAID_SEARCH,returning customer,787,0.0359,0
C001165,2026-05-23,OOT,PL,APP,M,36,UNEMPLOYED,800,0.0534,0.2434,0,true,19,620,,,standard application,804,0.0870,0
C001166,2026-05-24,OOT,DE,WEB,X,38,EMPLOYED,4963,0.2447,0.5257,0,true,119,569,250+,DIRECT,income verification pending,769,0.1054,0
C001167,2026-05-25,OOT,PL,STORE,X,41,SELF_EMPLOYED,8401,0.2457,0.2299,0,true,0,738,1-9,DIRECT,income verification pending,846,0.0178,0
C001168,2026-05-25,OOT,PL,APP,M,38,EMPLOYED,6879,0.3247,0.3445,0,false,37,,250+,CRM,standard application,781,0.0526,0
C001169,2026-05-26,OOT,NL,PARTNER,F,45,EMPLOYED,6081,0.3650,0.7474,0,false,8,641,10-49,ORGANIC,standard application,757,0.1206,0
C001170,2026-05-27,OOT,PL,APP,F,29,SELF_EMPLOYED,6739,0.2195,0.5742,0,true,0,649,1-9,ORGANIC,,804,0.0719,1
C001171,2026-05-28,OOT,SE,PARTNER,M,31,EMPLOYED,6385,0.4630,0.3618,0,true,0,622,250+,PAID_SEARCH,standard application,766,0.0875,0
C001172,2026-05-28,OOT,PL,APP,M,26,EMPLOYED,6172,0.3102,0.5412,0,false,2,597,250+,ORGANIC,standard application,725,0.1132,0
C001173,2026-05-29,OOT,NL,WEB,X,18,EMPLOYED,9396,0.1591,0.7361,0,false,9,639,10-49,ORGANIC,standard application,778,0.0920,0
C001174,2026-05-30,OOT,DE,WEB,M,40,EMPLOYED,4936,0.0713,0.3868,0,true,62,607,10-49,ORGANIC,returning customer,794,0.0451,0
C001175,2026-05-31,OOT,PL,WEB,F,47,EMPLOYED,4822,0.2912,0.3764,0,true,84,578,10-49,ORGANIC,manual review requested,796,0.0747,1
C001176,2026-05-31,OOT,DE,WEB,M,48,EMPLOYED,5187,0.2229,0.1577,0,true,70,701,1-9,PAID_SEARCH,manual review requested,823,0.0198,0
C001177,2026-06-01,OOT,PL,APP,F,44,STUDENT,2870,0.1851,0.5344,0,false,47,647,,AFFILIATE,returning customer,764,0.0816,0
C001178,2026-06-02,OOT,PL,APP,M,42,EMPLOYED,6948,0.3191,0.6156,1,false,62,587,50-249,ORGANIC,,695,0.2084,1
C001179,2026-06-03,OOT,PL,PARTNER,F,46,EMPLOYED,,0.3437,0.2190,0,false,87,706,250+,ORGANIC,,788,0.0287,0
C001180,2026-06-03,OOT,PL,STORE,M,48,EMPLOYED,8326,0.3970,0.6591,0,true,53,655,250+,PAID_SEARCH,standard application,794,0.0868,0
C001181,2026-06-04,OOT,DE,APP,M,18,EMPLOYED,3618,0.0969,0.4008,0,true,33,684,250+,PAID_SEARCH,standard application,806,0.0434,0
C001182,2026-06-05,OOT,PL,WEB,F,28,EMPLOYED,7940,0.0833,0.6643,0,false,10,676,1-9,ORGANIC,manual review requested,800,0.0539,0
C001183,2026-06-06,OOT,PL,STORE,F,39,EMPLOYED,6954,0.2294,0.0000,0,false,62,719,10-49,CRM,,783,0.0131,0
C001184,2026-06-06,OOT,SE,WEB,F,47,UNEMPLOYED,1523,0.1988,0.4564,0,true,13,711,,CRM,standard application,766,0.0907,0
C001185,2026-06-07,OOT,NL,WEB,F,60,SELF_EMPLOYED,5919,0.0870,0.8761,1,false,84,535,1-9,PAID_SEARCH,standard application,697,0.2480,0
C001186,2026-06-08,OOT,PL,APP,F,47,SELF_EMPLOYED,5990,0.2270,0.1042,0,false,60,785,10-49,ORGANIC,manual review requested,835,0.0105,0
C001187,2026-06-09,OOT,DE,WEB,M,72,EMPLOYED,8643,0.2950,0.5728,0,false,72,708,50-249,ORGANIC,manual review requested,816,0.0330,0
C001188,2026-06-09,OOT,SE,APP,F,31,EMPLOYED,6613,0.3879,0.3531,0,false,63,728,10-49,ORGANIC,standard application,811,0.0403,0
C001189,2026-06-10,OOT,DE,APP,M,54,UNEMPLOYED,3392,0.4352,0.5029,0,false,49,677,,AFFILIATE,,718,0.1556,0
C001190,2026-06-11,OOT,PL,WEB,M,36,STUDENT,5195,0.2215,0.6041,0,true,43,661,,PAID_SEARCH,manual review requested,768,0.0903,0
C001191,2026-06-12,OOT,DE,PARTNER,M,41,SELF_EMPLOYED,9141,0.2326,0.5743,0,false,9,625,1-9,DIRECT,standard application,767,0.0653,0
C001192,2026-06-12,OOT,PL,WEB,M,32,STUDENT,3038,0.2556,0.3129,0,false,46,683,,PAID_SEARCH,standard application,799,0.0558,0
C001193,2026-06-13,OOT,PL,PARTNER,F,39,STUDENT,3393,0.2163,0.4431,0,false,79,643,,DIRECT,standard application,772,0.0762,0
C001194,2026-06-14,OOT,PL,WEB,F,41,EMPLOYED,6330,0.3816,0.6351,0,true,45,606,250+,,standard application,708,0.1246,0
C001195,2026-06-15,OOT,NL,PARTNER,F,35,EMPLOYED,6882,0.2700,0.4350,0,true,0,686,250+,ORGANIC,standard application,788,0.0451,0
C001196,2026-06-15,OOT,DE,STORE,F,38,EMPLOYED,5775,0.4612,0.3550,0,false,74,559,250+,AFFILIATE,standard application,774,0.1155,0
C001197,2026-06-16,OOT,PL,APP,M,39,EMPLOYED,,0.2883,0.5586,1,true,34,560,50-249,CRM,returning customer,695,0.2266,0
C001198,2026-06-17,OOT,SE,APP,M,36,EMPLOYED,9271,0.3276,0.5493,0,false,55,718,,DIRECT,returning customer,780,0.0465,0
C001199,2026-06-18,OOT,DE,WEB,F,27,EMPLOYED,,0.1549,0.4118,0,true,39,721,250+,,standard application,800,0.0334,0
C001200,2026-06-19,OOT,PL,APP,F,34,SELF_EMPLOYED,5152,0.2901,0.4888,0,true,23,669,1-9,CRM,manual review requested,798,0.0638,0
C000075,2024-02-25,TRAIN,NL,PARTNER,F,49,UNEMPLOYED,3023,0.2456,0.3438,1,true,61,551,,AFFILIATE,manual review requested,677,0.2544,0
C000222,2024-06-14,TRAIN,DE,WEB,F,68,EMPLOYED,9904,0.2555,0.9039,1,false,100,651,10-49,ORGANIC,standard application,730,0.1293,0
C000404,2024-10-29,TRAIN,PL,WEB,F,55,EMPLOYED,,0.2502,0.5371,1,false,38,588,,AFFILIATE,standard application,788,0.1286,0
C000618,2025-04-08,TRAIN,DE,APP,F,32,EMPLOYED,11873,0.2276,0.7277,0,false,20,642,50-249,CRM,standard application,747,0.0638,0
C000812,2025-08-31,TEST,DE,APP,M,55,UNEMPLOYED,3332,0.0688,0.3770,1,false,88,574,,,income verification pending,761,0.1677,0
C001003,2026-01-22,OOT,DE,WEB,M,28,EMPLOYED,7032,0.3232,0.6105,0,false,37,627,1-9,ORGANIC,standard application,734,0.1059,0
C001112,2026-04-13,OOT,PL,APP,M,75,EMPLOYED,5429,0.1669,0.8039,0,false,133,746,1-9,AFFILIATE,returning customer,793,0.0378,0
C001151,2026-05-13,OOT,NL,WEB,M,27,EMPLOYED,5978,0.4383,0.4581,0,true,36,670,10-49,ORGANIC,standard application,788,0.0826,0
